Workbook

Sheet Summary
A1: Hours summary by resource
A2: All figures are formulas: tasks roll up to activities, activities roll up here.
A4: Hours by role and phase
A5: Code | B5: Role | C5: Phase 1 | D5: Phase 2 | E5: Phase 3 | F5: Phase 4 | G5: Total hours | H5: Person-weeks
A6: PM | B6: Program / Project Manager | C6: =SUMPRODUCT(('Activity Hours'!$C$5:$C$87=C$5)*INDEX('Activity Hours'!$I$5:$T$87,0,MATCH($A6,'Activity Hours'!$I$4:$T$4,0))) -> 454 | D6: =SUMPRODUCT(('Activity Hours'!$C$5:$C$87=D$5)*INDEX('Activity Hours'!$I$5:$T$87,0,MATCH($A6,'Activity Hours'!$I$4:$T$4,0))) -> 434 | E6: =SUMPRODUCT(('Activity Hours'!$C$5:$C$87=E$5)*INDEX('Activity Hours'!$I$5:$T$87,0,MATCH($A6,'Activity Hours'!$I$4:$T$4,0))) -> 444 | F6: =SUMPRODUCT(('Activity Hours'!$C$5:$C$87=F$5)*INDEX('Activity Hours'!$I$5:$T$87,0,MATCH($A6,'Activity Hours'!$I$4:$T$4,0))) -> 402 | G6: =SUM(C6:F6) -> 1734 | H6: =IF(Resources!$B$3>0,G6/Resources!$B$3,0) -> 43.35
A7: CA | B7: Cloud / Platform Architect | C7: =SUMPRODUCT(('Activity Hours'!$C$5:$C$87=C$5)*INDEX('Activity Hours'!$I$5:$T$87,0,MATCH($A7,'Activity Hours'!$I$4:$T$4,0))) -> 306 | D7: =SUMPRODUCT(('Activity Hours'!$C$5:$C$87=D$5)*INDEX('Activity Hours'!$I$5:$T$87,0,MATCH($A7,'Activity Hours'!$I$4:$T$4,0))) -> 48 | E7: =SUMPRODUCT(('Activity Hours'!$C$5:$C$87=E$5)*INDEX('Activity Hours'!$I$5:$T$87,0,MATCH($A7,'Activity Hours'!$I$4:$T$4,0))) -> 153 | F7: =SUMPRODUCT(('Activity Hours'!$C$5:$C$87=F$5)*INDEX('Activity Hours'!$I$5:$T$87,0,MATCH($A7,'Activity Hours'!$I$4:$T$4,0))) -> 185 | G7: =SUM(C7:F7) -> 692 | H7: =IF(Resources!$B$3>0,G7/Resources!$B$3,0) -> 17.3
A8: DO | B8: Platform / DevOps Engineer | C8: =SUMPRODUCT(('Activity Hours'!$C$5:$C$87=C$5)*INDEX('Activity Hours'!$I$5:$T$87,0,MATCH($A8,'Activity Hours'!$I$4:$T$4,0))) -> 917 | D8: =SUMPRODUCT(('Activity Hours'!$C$5:$C$87=D$5)*INDEX('Activity Hours'!$I$5:$T$87,0,MATCH($A8,'Activity Hours'!$I$4:$T$4,0))) -> 334 | E8: =SUMPRODUCT(('Activity Hours'!$C$5:$C$87=E$5)*INDEX('Activity Hours'!$I$5:$T$87,0,MATCH($A8,'Activity Hours'!$I$4:$T$4,0))) -> 581 | F8: =SUMPRODUCT(('Activity Hours'!$C$5:$C$87=F$5)*INDEX('Activity Hours'!$I$5:$T$87,0,MATCH($A8,'Activity Hours'!$I$4:$T$4,0))) -> 817 | G8: =SUM(C8:F8) -> 2649 | H8: =IF(Resources!$B$3>0,G8/Resources!$B$3,0) -> 66.225
A9: SE | B9: Security Engineer | C9: =SUMPRODUCT(('Activity Hours'!$C$5:$C$87=C$5)*INDEX('Activity Hours'!$I$5:$T$87,0,MATCH($A9,'Activity Hours'!$I$4:$T$4,0))) -> 414 | D9: =SUMPRODUCT(('Activity Hours'!$C$5:$C$87=D$5)*INDEX('Activity Hours'!$I$5:$T$87,0,MATCH($A9,'Activity Hours'!$I$4:$T$4,0))) -> 96 | E9: =SUMPRODUCT(('Activity Hours'!$C$5:$C$87=E$5)*INDEX('Activity Hours'!$I$5:$T$87,0,MATCH($A9,'Activity Hours'!$I$4:$T$4,0))) -> 273 | F9: =SUMPRODUCT(('Activity Hours'!$C$5:$C$87=F$5)*INDEX('Activity Hours'!$I$5:$T$87,0,MATCH($A9,'Activity Hours'!$I$4:$T$4,0))) -> 244 | G9: =SUM(C9:F9) -> 1027 | H9: =IF(Resources!$B$3>0,G9/Resources!$B$3,0) -> 25.675
A10: AIA | B10: AI Architect | C10: =SUMPRODUCT(('Activity Hours'!$C$5:$C$87=C$5)*INDEX('Activity Hours'!$I$5:$T$87,0,MATCH($A10,'Activity Hours'!$I$4:$T$4,0))) -> 131 | D10: =SUMPRODUCT(('Activity Hours'!$C$5:$C$87=D$5)*INDEX('Activity Hours'!$I$5:$T$87,0,MATCH($A10,'Activity Hours'!$I$4:$T$4,0))) -> 511 | E10: =SUMPRODUCT(('Activity Hours'!$C$5:$C$87=E$5)*INDEX('Activity Hours'!$I$5:$T$87,0,MATCH($A10,'Activity Hours'!$I$4:$T$4,0))) -> 521 | F10: =SUMPRODUCT(('Activity Hours'!$C$5:$C$87=F$5)*INDEX('Activity Hours'!$I$5:$T$87,0,MATCH($A10,'Activity Hours'!$I$4:$T$4,0))) -> 195 | G10: =SUM(C10:F10) -> 1358 | H10: =IF(Resources!$B$3>0,G10/Resources!$B$3,0) -> 33.95
A11: AIE | B11: AI / ML Engineer | C11: =SUMPRODUCT(('Activity Hours'!$C$5:$C$87=C$5)*INDEX('Activity Hours'!$I$5:$T$87,0,MATCH($A11,'Activity Hours'!$I$4:$T$4,0))) -> 0 | D11: =SUMPRODUCT(('Activity Hours'!$C$5:$C$87=D$5)*INDEX('Activity Hours'!$I$5:$T$87,0,MATCH($A11,'Activity Hours'!$I$4:$T$4,0))) -> 2024 | E11: =SUMPRODUCT(('Activity Hours'!$C$5:$C$87=E$5)*INDEX('Activity Hours'!$I$5:$T$87,0,MATCH($A11,'Activity Hours'!$I$4:$T$4,0))) -> 2581 | F11: =SUMPRODUCT(('Activity Hours'!$C$5:$C$87=F$5)*INDEX('Activity Hours'!$I$5:$T$87,0,MATCH($A11,'Activity Hours'!$I$4:$T$4,0))) -> 1143 | G11: =SUM(C11:F11) -> 5748 | H11: =IF(Resources!$B$3>0,G11/Resources!$B$3,0) -> 143.7
A12: DE | B12: Data Engineer | C12: =SUMPRODUCT(('Activity Hours'!$C$5:$C$87=C$5)*INDEX('Activity Hours'!$I$5:$T$87,0,MATCH($A12,'Activity Hours'!$I$4:$T$4,0))) -> 162 | D12: =SUMPRODUCT(('Activity Hours'!$C$5:$C$87=D$5)*INDEX('Activity Hours'!$I$5:$T$87,0,MATCH($A12,'Activity Hours'!$I$4:$T$4,0))) -> 1227 | E12: =SUMPRODUCT(('Activity Hours'!$C$5:$C$87=E$5)*INDEX('Activity Hours'!$I$5:$T$87,0,MATCH($A12,'Activity Hours'!$I$4:$T$4,0))) -> 885 | F12: =SUMPRODUCT(('Activity Hours'!$C$5:$C$87=F$5)*INDEX('Activity Hours'!$I$5:$T$87,0,MATCH($A12,'Activity Hours'!$I$4:$T$4,0))) -> 661 | G12: =SUM(C12:F12) -> 2935 | H12: =IF(Resources!$B$3>0,G12/Resources!$B$3,0) -> 73.375
A13: DG | B13: Data Architect / Governance | C13: =SUMPRODUCT(('Activity Hours'!$C$5:$C$87=C$5)*INDEX('Activity Hours'!$I$5:$T$87,0,MATCH($A13,'Activity Hours'!$I$4:$T$4,0))) -> 346 | D13: =SUMPRODUCT(('Activity Hours'!$C$5:$C$87=D$5)*INDEX('Activity Hours'!$I$5:$T$87,0,MATCH($A13,'Activity Hours'!$I$4:$T$4,0))) -> 170 | E13: =SUMPRODUCT(('Activity Hours'!$C$5:$C$87=E$5)*INDEX('Activity Hours'!$I$5:$T$87,0,MATCH($A13,'Activity Hours'!$I$4:$T$4,0))) -> 37 | F13: =SUMPRODUCT(('Activity Hours'!$C$5:$C$87=F$5)*INDEX('Activity Hours'!$I$5:$T$87,0,MATCH($A13,'Activity Hours'!$I$4:$T$4,0))) -> 201 | G13: =SUM(C13:F13) -> 754 | H13: =IF(Resources!$B$3>0,G13/Resources!$B$3,0) -> 18.85
A14: DEV | B14: Full-stack Developer | C14: =SUMPRODUCT(('Activity Hours'!$C$5:$C$87=C$5)*INDEX('Activity Hours'!$I$5:$T$87,0,MATCH($A14,'Activity Hours'!$I$4:$T$4,0))) -> 0 | D14: =SUMPRODUCT(('Activity Hours'!$C$5:$C$87=D$5)*INDEX('Activity Hours'!$I$5:$T$87,0,MATCH($A14,'Activity Hours'!$I$4:$T$4,0))) -> 319 | E14: =SUMPRODUCT(('Activity Hours'!$C$5:$C$87=E$5)*INDEX('Activity Hours'!$I$5:$T$87,0,MATCH($A14,'Activity Hours'!$I$4:$T$4,0))) -> 1306 | F14: =SUMPRODUCT(('Activity Hours'!$C$5:$C$87=F$5)*INDEX('Activity Hours'!$I$5:$T$87,0,MATCH($A14,'Activity Hours'!$I$4:$T$4,0))) -> 406 | G14: =SUM(C14:F14) -> 2031 | H14: =IF(Resources!$B$3>0,G14/Resources!$B$3,0) -> 50.775
A15: BA | B15: Business Analyst / Product Owner | C15: =SUMPRODUCT(('Activity Hours'!$C$5:$C$87=C$5)*INDEX('Activity Hours'!$I$5:$T$87,0,MATCH($A15,'Activity Hours'!$I$4:$T$4,0))) -> 491 | D15: =SUMPRODUCT(('Activity Hours'!$C$5:$C$87=D$5)*INDEX('Activity Hours'!$I$5:$T$87,0,MATCH($A15,'Activity Hours'!$I$4:$T$4,0))) -> 493 | E15: =SUMPRODUCT(('Activity Hours'!$C$5:$C$87=E$5)*INDEX('Activity Hours'!$I$5:$T$87,0,MATCH($A15,'Activity Hours'!$I$4:$T$4,0))) -> 795 | F15: =SUMPRODUCT(('Activity Hours'!$C$5:$C$87=F$5)*INDEX('Activity Hours'!$I$5:$T$87,0,MATCH($A15,'Activity Hours'!$I$4:$T$4,0))) -> 446 | G15: =SUM(C15:F15) -> 2225 | H15: =IF(Resources!$B$3>0,G15/Resources!$B$3,0) -> 55.625
A16: QA | B16: QA / Test Engineer | C16: =SUMPRODUCT(('Activity Hours'!$C$5:$C$87=C$5)*INDEX('Activity Hours'!$I$5:$T$87,0,MATCH($A16,'Activity Hours'!$I$4:$T$4,0))) -> 76 | D16: =SUMPRODUCT(('Activity Hours'!$C$5:$C$87=D$5)*INDEX('Activity Hours'!$I$5:$T$87,0,MATCH($A16,'Activity Hours'!$I$4:$T$4,0))) -> 712 | E16: =SUMPRODUCT(('Activity Hours'!$C$5:$C$87=E$5)*INDEX('Activity Hours'!$I$5:$T$87,0,MATCH($A16,'Activity Hours'!$I$4:$T$4,0))) -> 983 | F16: =SUMPRODUCT(('Activity Hours'!$C$5:$C$87=F$5)*INDEX('Activity Hours'!$I$5:$T$87,0,MATCH($A16,'Activity Hours'!$I$4:$T$4,0))) -> 488 | G16: =SUM(C16:F16) -> 2259 | H16: =IF(Resources!$B$3>0,G16/Resources!$B$3,0) -> 56.475
A17: CM | B17: Change & Training Lead | C17: =SUMPRODUCT(('Activity Hours'!$C$5:$C$87=C$5)*INDEX('Activity Hours'!$I$5:$T$87,0,MATCH($A17,'Activity Hours'!$I$4:$T$4,0))) -> 16 | D17: =SUMPRODUCT(('Activity Hours'!$C$5:$C$87=D$5)*INDEX('Activity Hours'!$I$5:$T$87,0,MATCH($A17,'Activity Hours'!$I$4:$T$4,0))) -> 97 | E17: =SUMPRODUCT(('Activity Hours'!$C$5:$C$87=E$5)*INDEX('Activity Hours'!$I$5:$T$87,0,MATCH($A17,'Activity Hours'!$I$4:$T$4,0))) -> 222 | F17: =SUMPRODUCT(('Activity Hours'!$C$5:$C$87=F$5)*INDEX('Activity Hours'!$I$5:$T$87,0,MATCH($A17,'Activity Hours'!$I$4:$T$4,0))) -> 253 | G17: =SUM(C17:F17) -> 588 | H17: =IF(Resources!$B$3>0,G17/Resources!$B$3,0) -> 14.7
B18: Total | C18: =SUM(C6:C17) -> 3313 | D18: =SUM(D6:D17) -> 6465 | E18: =SUM(E6:E17) -> 8781 | F18: =SUM(F6:F17) -> 5441 | G18: =SUM(G6:G17) -> 24000 | H18: =SUM(H6:H17) -> 600
A21: Hours by role and track
A22: Code | B22: Role | C22: AI Platform Setup | D22: AI Data Readiness | E22: AI Use Cases | F22: Program Management | G22: Total hours
A23: PM | B23: Program / Project Manager | C23: =SUMPRODUCT(('Activity Hours'!$B$5:$B$87=C$22)*INDEX('Activity Hours'!$I$5:$T$87,0,MATCH($A23,'Activity Hours'!$I$4:$T$4,0))) -> 8 | D23: =SUMPRODUCT(('Activity Hours'!$B$5:$B$87=D$22)*INDEX('Activity Hours'!$I$5:$T$87,0,MATCH($A23,'Activity Hours'!$I$4:$T$4,0))) -> 16 | E23: =SUMPRODUCT(('Activity Hours'!$B$5:$B$87=E$22)*INDEX('Activity Hours'!$I$5:$T$87,0,MATCH($A23,'Activity Hours'!$I$4:$T$4,0))) -> 246 | F23: =SUMPRODUCT(('Activity Hours'!$B$5:$B$87=F$22)*INDEX('Activity Hours'!$I$5:$T$87,0,MATCH($A23,'Activity Hours'!$I$4:$T$4,0))) -> 1464 | G23: =SUM(C23:F23) -> 1734
A24: CA | B24: Cloud / Platform Architect | C24: =SUMPRODUCT(('Activity Hours'!$B$5:$B$87=C$22)*INDEX('Activity Hours'!$I$5:$T$87,0,MATCH($A24,'Activity Hours'!$I$4:$T$4,0))) -> 467 | D24: =SUMPRODUCT(('Activity Hours'!$B$5:$B$87=D$22)*INDEX('Activity Hours'!$I$5:$T$87,0,MATCH($A24,'Activity Hours'!$I$4:$T$4,0))) -> 113 | E24: =SUMPRODUCT(('Activity Hours'!$B$5:$B$87=E$22)*INDEX('Activity Hours'!$I$5:$T$87,0,MATCH($A24,'Activity Hours'!$I$4:$T$4,0))) -> 16 | F24: =SUMPRODUCT(('Activity Hours'!$B$5:$B$87=F$22)*INDEX('Activity Hours'!$I$5:$T$87,0,MATCH($A24,'Activity Hours'!$I$4:$T$4,0))) -> 96 | G24: =SUM(C24:F24) -> 692
A25: DO | B25: Platform / DevOps Engineer | C25: =SUMPRODUCT(('Activity Hours'!$B$5:$B$87=C$22)*INDEX('Activity Hours'!$I$5:$T$87,0,MATCH($A25,'Activity Hours'!$I$4:$T$4,0))) -> 1917 | D25: =SUMPRODUCT(('Activity Hours'!$B$5:$B$87=D$22)*INDEX('Activity Hours'!$I$5:$T$87,0,MATCH($A25,'Activity Hours'!$I$4:$T$4,0))) -> 470 | E25: =SUMPRODUCT(('Activity Hours'!$B$5:$B$87=E$22)*INDEX('Activity Hours'!$I$5:$T$87,0,MATCH($A25,'Activity Hours'!$I$4:$T$4,0))) -> 262 | F25: =SUMPRODUCT(('Activity Hours'!$B$5:$B$87=F$22)*INDEX('Activity Hours'!$I$5:$T$87,0,MATCH($A25,'Activity Hours'!$I$4:$T$4,0))) -> 0 | G25: =SUM(C25:F25) -> 2649
A26: SE | B26: Security Engineer | C26: =SUMPRODUCT(('Activity Hours'!$B$5:$B$87=C$22)*INDEX('Activity Hours'!$I$5:$T$87,0,MATCH($A26,'Activity Hours'!$I$4:$T$4,0))) -> 641 | D26: =SUMPRODUCT(('Activity Hours'!$B$5:$B$87=D$22)*INDEX('Activity Hours'!$I$5:$T$87,0,MATCH($A26,'Activity Hours'!$I$4:$T$4,0))) -> 199 | E26: =SUMPRODUCT(('Activity Hours'!$B$5:$B$87=E$22)*INDEX('Activity Hours'!$I$5:$T$87,0,MATCH($A26,'Activity Hours'!$I$4:$T$4,0))) -> 187 | F26: =SUMPRODUCT(('Activity Hours'!$B$5:$B$87=F$22)*INDEX('Activity Hours'!$I$5:$T$87,0,MATCH($A26,'Activity Hours'!$I$4:$T$4,0))) -> 0 | G26: =SUM(C26:F26) -> 1027
A27: AIA | B27: AI Architect | C27: =SUMPRODUCT(('Activity Hours'!$B$5:$B$87=C$22)*INDEX('Activity Hours'!$I$5:$T$87,0,MATCH($A27,'Activity Hours'!$I$4:$T$4,0))) -> 499 | D27: =SUMPRODUCT(('Activity Hours'!$B$5:$B$87=D$22)*INDEX('Activity Hours'!$I$5:$T$87,0,MATCH($A27,'Activity Hours'!$I$4:$T$4,0))) -> 212 | E27: =SUMPRODUCT(('Activity Hours'!$B$5:$B$87=E$22)*INDEX('Activity Hours'!$I$5:$T$87,0,MATCH($A27,'Activity Hours'!$I$4:$T$4,0))) -> 551 | F27: =SUMPRODUCT(('Activity Hours'!$B$5:$B$87=F$22)*INDEX('Activity Hours'!$I$5:$T$87,0,MATCH($A27,'Activity Hours'!$I$4:$T$4,0))) -> 96 | G27: =SUM(C27:F27) -> 1358
A28: AIE | B28: AI / ML Engineer | C28: =SUMPRODUCT(('Activity Hours'!$B$5:$B$87=C$22)*INDEX('Activity Hours'!$I$5:$T$87,0,MATCH($A28,'Activity Hours'!$I$4:$T$4,0))) -> 1739 | D28: =SUMPRODUCT(('Activity Hours'!$B$5:$B$87=D$22)*INDEX('Activity Hours'!$I$5:$T$87,0,MATCH($A28,'Activity Hours'!$I$4:$T$4,0))) -> 1114 | E28: =SUMPRODUCT(('Activity Hours'!$B$5:$B$87=E$22)*INDEX('Activity Hours'!$I$5:$T$87,0,MATCH($A28,'Activity Hours'!$I$4:$T$4,0))) -> 2895 | F28: =SUMPRODUCT(('Activity Hours'!$B$5:$B$87=F$22)*INDEX('Activity Hours'!$I$5:$T$87,0,MATCH($A28,'Activity Hours'!$I$4:$T$4,0))) -> 0 | G28: =SUM(C28:F28) -> 5748
A29: DE | B29: Data Engineer | C29: =SUMPRODUCT(('Activity Hours'!$B$5:$B$87=C$22)*INDEX('Activity Hours'!$I$5:$T$87,0,MATCH($A29,'Activity Hours'!$I$4:$T$4,0))) -> 93 | D29: =SUMPRODUCT(('Activity Hours'!$B$5:$B$87=D$22)*INDEX('Activity Hours'!$I$5:$T$87,0,MATCH($A29,'Activity Hours'!$I$4:$T$4,0))) -> 2071 | E29: =SUMPRODUCT(('Activity Hours'!$B$5:$B$87=E$22)*INDEX('Activity Hours'!$I$5:$T$87,0,MATCH($A29,'Activity Hours'!$I$4:$T$4,0))) -> 771 | F29: =SUMPRODUCT(('Activity Hours'!$B$5:$B$87=F$22)*INDEX('Activity Hours'!$I$5:$T$87,0,MATCH($A29,'Activity Hours'!$I$4:$T$4,0))) -> 0 | G29: =SUM(C29:F29) -> 2935
A30: DG | B30: Data Architect / Governance | C30: =SUMPRODUCT(('Activity Hours'!$B$5:$B$87=C$22)*INDEX('Activity Hours'!$I$5:$T$87,0,MATCH($A30,'Activity Hours'!$I$4:$T$4,0))) -> 0 | D30: =SUMPRODUCT(('Activity Hours'!$B$5:$B$87=D$22)*INDEX('Activity Hours'!$I$5:$T$87,0,MATCH($A30,'Activity Hours'!$I$4:$T$4,0))) -> 738 | E30: =SUMPRODUCT(('Activity Hours'!$B$5:$B$87=E$22)*INDEX('Activity Hours'!$I$5:$T$87,0,MATCH($A30,'Activity Hours'!$I$4:$T$4,0))) -> 16 | F30: =SUMPRODUCT(('Activity Hours'!$B$5:$B$87=F$22)*INDEX('Activity Hours'!$I$5:$T$87,0,MATCH($A30,'Activity Hours'!$I$4:$T$4,0))) -> 0 | G30: =SUM(C30:F30) -> 754
A31: DEV | B31: Full-stack Developer | C31: =SUMPRODUCT(('Activity Hours'!$B$5:$B$87=C$22)*INDEX('Activity Hours'!$I$5:$T$87,0,MATCH($A31,'Activity Hours'!$I$4:$T$4,0))) -> 732 | D31: =SUMPRODUCT(('Activity Hours'!$B$5:$B$87=D$22)*INDEX('Activity Hours'!$I$5:$T$87,0,MATCH($A31,'Activity Hours'!$I$4:$T$4,0))) -> 0 | E31: =SUMPRODUCT(('Activity Hours'!$B$5:$B$87=E$22)*INDEX('Activity Hours'!$I$5:$T$87,0,MATCH($A31,'Activity Hours'!$I$4:$T$4,0))) -> 1299 | F31: =SUMPRODUCT(('Activity Hours'!$B$5:$B$87=F$22)*INDEX('Activity Hours'!$I$5:$T$87,0,MATCH($A31,'Activity Hours'!$I$4:$T$4,0))) -> 0 | G31: =SUM(C31:F31) -> 2031
A32: BA | B32: Business Analyst / Product Owner | C32: =SUMPRODUCT(('Activity Hours'!$B$5:$B$87=C$22)*INDEX('Activity Hours'!$I$5:$T$87,0,MATCH($A32,'Activity Hours'!$I$4:$T$4,0))) -> 174 | D32: =SUMPRODUCT(('Activity Hours'!$B$5:$B$87=D$22)*INDEX('Activity Hours'!$I$5:$T$87,0,MATCH($A32,'Activity Hours'!$I$4:$T$4,0))) -> 510 | E32: =SUMPRODUCT(('Activity Hours'!$B$5:$B$87=E$22)*INDEX('Activity Hours'!$I$5:$T$87,0,MATCH($A32,'Activity Hours'!$I$4:$T$4,0))) -> 1541 | F32: =SUMPRODUCT(('Activity Hours'!$B$5:$B$87=F$22)*INDEX('Activity Hours'!$I$5:$T$87,0,MATCH($A32,'Activity Hours'!$I$4:$T$4,0))) -> 0 | G32: =SUM(C32:F32) -> 2225
A33: QA | B33: QA / Test Engineer | C33: =SUMPRODUCT(('Activity Hours'!$B$5:$B$87=C$22)*INDEX('Activity Hours'!$I$5:$T$87,0,MATCH($A33,'Activity Hours'!$I$4:$T$4,0))) -> 739 | D33: =SUMPRODUCT(('Activity Hours'!$B$5:$B$87=D$22)*INDEX('Activity Hours'!$I$5:$T$87,0,MATCH($A33,'Activity Hours'!$I$4:$T$4,0))) -> 505 | E33: =SUMPRODUCT(('Activity Hours'!$B$5:$B$87=E$22)*INDEX('Activity Hours'!$I$5:$T$87,0,MATCH($A33,'Activity Hours'!$I$4:$T$4,0))) -> 1015 | F33: =SUMPRODUCT(('Activity Hours'!$B$5:$B$87=F$22)*INDEX('Activity Hours'!$I$5:$T$87,0,MATCH($A33,'Activity Hours'!$I$4:$T$4,0))) -> 0 | G33: =SUM(C33:F33) -> 2259
A34: CM | B34: Change & Training Lead | C34: =SUMPRODUCT(('Activity Hours'!$B$5:$B$87=C$22)*INDEX('Activity Hours'!$I$5:$T$87,0,MATCH($A34,'Activity Hours'!$I$4:$T$4,0))) -> 8 | D34: =SUMPRODUCT(('Activity Hours'!$B$5:$B$87=D$22)*INDEX('Activity Hours'!$I$5:$T$87,0,MATCH($A34,'Activity Hours'!$I$4:$T$4,0))) -> 114 | E34: =SUMPRODUCT(('Activity Hours'!$B$5:$B$87=E$22)*INDEX('Activity Hours'!$I$5:$T$87,0,MATCH($A34,'Activity Hours'!$I$4:$T$4,0))) -> 466 | F34: =SUMPRODUCT(('Activity Hours'!$B$5:$B$87=F$22)*INDEX('Activity Hours'!$I$5:$T$87,0,MATCH($A34,'Activity Hours'!$I$4:$T$4,0))) -> 0 | G34: =SUM(C34:F34) -> 588
B35: Total | C35: =SUM(C23:C34) -> 7017 | D35: =SUM(D23:D34) -> 6062 | E35: =SUM(E23:E34) -> 9265 | F35: =SUM(F23:F34) -> 1656 | G35: =SUM(G23:G34) -> 24000
A38: Hours by role and owner team
A39: Code | B39: Role | C39: Platform Engineering | D39: Foundry | E39: AI Data Lake | F39: Factory | G39: All teams | H39: Total hours
A40: PM | B40: Program / Project Manager | C40: =SUMPRODUCT(('Activity Hours'!$F$5:$F$87=C$39)*INDEX('Activity Hours'!$I$5:$T$87,0,MATCH($A40,'Activity Hours'!$I$4:$T$4,0))) -> 8 | D40: =SUMPRODUCT(('Activity Hours'!$F$5:$F$87=D$39)*INDEX('Activity Hours'!$I$5:$T$87,0,MATCH($A40,'Activity Hours'!$I$4:$T$4,0))) -> 0 | E40: =SUMPRODUCT(('Activity Hours'!$F$5:$F$87=E$39)*INDEX('Activity Hours'!$I$5:$T$87,0,MATCH($A40,'Activity Hours'!$I$4:$T$4,0))) -> 16 | F40: =SUMPRODUCT(('Activity Hours'!$F$5:$F$87=F$39)*INDEX('Activity Hours'!$I$5:$T$87,0,MATCH($A40,'Activity Hours'!$I$4:$T$4,0))) -> 246 | G40: =SUMPRODUCT(('Activity Hours'!$F$5:$F$87=G$39)*INDEX('Activity Hours'!$I$5:$T$87,0,MATCH($A40,'Activity Hours'!$I$4:$T$4,0))) -> 1464 | H40: =SUM(C40:G40) -> 1734
A41: CA | B41: Cloud / Platform Architect | C41: =SUMPRODUCT(('Activity Hours'!$F$5:$F$87=C$39)*INDEX('Activity Hours'!$I$5:$T$87,0,MATCH($A41,'Activity Hours'!$I$4:$T$4,0))) -> 543 | D41: =SUMPRODUCT(('Activity Hours'!$F$5:$F$87=D$39)*INDEX('Activity Hours'!$I$5:$T$87,0,MATCH($A41,'Activity Hours'!$I$4:$T$4,0))) -> 0 | E41: =SUMPRODUCT(('Activity Hours'!$F$5:$F$87=E$39)*INDEX('Activity Hours'!$I$5:$T$87,0,MATCH($A41,'Activity Hours'!$I$4:$T$4,0))) -> 53 | F41: =SUMPRODUCT(('Activity Hours'!$F$5:$F$87=F$39)*INDEX('Activity Hours'!$I$5:$T$87,0,MATCH($A41,'Activity Hours'!$I$4:$T$4,0))) -> 0 | G41: =SUMPRODUCT(('Activity Hours'!$F$5:$F$87=G$39)*INDEX('Activity Hours'!$I$5:$T$87,0,MATCH($A41,'Activity Hours'!$I$4:$T$4,0))) -> 96 | H41: =SUM(C41:G41) -> 692
A42: DO | B42: Platform / DevOps Engineer | C42: =SUMPRODUCT(('Activity Hours'!$F$5:$F$87=C$39)*INDEX('Activity Hours'!$I$5:$T$87,0,MATCH($A42,'Activity Hours'!$I$4:$T$4,0))) -> 1878 | D42: =SUMPRODUCT(('Activity Hours'!$F$5:$F$87=D$39)*INDEX('Activity Hours'!$I$5:$T$87,0,MATCH($A42,'Activity Hours'!$I$4:$T$4,0))) -> 358 | E42: =SUMPRODUCT(('Activity Hours'!$F$5:$F$87=E$39)*INDEX('Activity Hours'!$I$5:$T$87,0,MATCH($A42,'Activity Hours'!$I$4:$T$4,0))) -> 224 | F42: =SUMPRODUCT(('Activity Hours'!$F$5:$F$87=F$39)*INDEX('Activity Hours'!$I$5:$T$87,0,MATCH($A42,'Activity Hours'!$I$4:$T$4,0))) -> 189 | G42: =SUMPRODUCT(('Activity Hours'!$F$5:$F$87=G$39)*INDEX('Activity Hours'!$I$5:$T$87,0,MATCH($A42,'Activity Hours'!$I$4:$T$4,0))) -> 0 | H42: =SUM(C42:G42) -> 2649
A43: SE | B43: Security Engineer | C43: =SUMPRODUCT(('Activity Hours'!$F$5:$F$87=C$39)*INDEX('Activity Hours'!$I$5:$T$87,0,MATCH($A43,'Activity Hours'!$I$4:$T$4,0))) -> 688 | D43: =SUMPRODUCT(('Activity Hours'!$F$5:$F$87=D$39)*INDEX('Activity Hours'!$I$5:$T$87,0,MATCH($A43,'Activity Hours'!$I$4:$T$4,0))) -> 153 | E43: =SUMPRODUCT(('Activity Hours'!$F$5:$F$87=E$39)*INDEX('Activity Hours'!$I$5:$T$87,0,MATCH($A43,'Activity Hours'!$I$4:$T$4,0))) -> 76 | F43: =SUMPRODUCT(('Activity Hours'!$F$5:$F$87=F$39)*INDEX('Activity Hours'!$I$5:$T$87,0,MATCH($A43,'Activity Hours'!$I$4:$T$4,0))) -> 110 | G43: =SUMPRODUCT(('Activity Hours'!$F$5:$F$87=G$39)*INDEX('Activity Hours'!$I$5:$T$87,0,MATCH($A43,'Activity Hours'!$I$4:$T$4,0))) -> 0 | H43: =SUM(C43:G43) -> 1027
A44: AIA | B44: AI Architect | C44: =SUMPRODUCT(('Activity Hours'!$F$5:$F$87=C$39)*INDEX('Activity Hours'!$I$5:$T$87,0,MATCH($A44,'Activity Hours'!$I$4:$T$4,0))) -> 0 | D44: =SUMPRODUCT(('Activity Hours'!$F$5:$F$87=D$39)*INDEX('Activity Hours'!$I$5:$T$87,0,MATCH($A44,'Activity Hours'!$I$4:$T$4,0))) -> 887 | E44: =SUMPRODUCT(('Activity Hours'!$F$5:$F$87=E$39)*INDEX('Activity Hours'!$I$5:$T$87,0,MATCH($A44,'Activity Hours'!$I$4:$T$4,0))) -> 0 | F44: =SUMPRODUCT(('Activity Hours'!$F$5:$F$87=F$39)*INDEX('Activity Hours'!$I$5:$T$87,0,MATCH($A44,'Activity Hours'!$I$4:$T$4,0))) -> 375 | G44: =SUMPRODUCT(('Activity Hours'!$F$5:$F$87=G$39)*INDEX('Activity Hours'!$I$5:$T$87,0,MATCH($A44,'Activity Hours'!$I$4:$T$4,0))) -> 96 | H44: =SUM(C44:G44) -> 1358
A45: AIE | B45: AI / ML Engineer | C45: =SUMPRODUCT(('Activity Hours'!$F$5:$F$87=C$39)*INDEX('Activity Hours'!$I$5:$T$87,0,MATCH($A45,'Activity Hours'!$I$4:$T$4,0))) -> 209 | D45: =SUMPRODUCT(('Activity Hours'!$F$5:$F$87=D$39)*INDEX('Activity Hours'!$I$5:$T$87,0,MATCH($A45,'Activity Hours'!$I$4:$T$4,0))) -> 2969 | E45: =SUMPRODUCT(('Activity Hours'!$F$5:$F$87=E$39)*INDEX('Activity Hours'!$I$5:$T$87,0,MATCH($A45,'Activity Hours'!$I$4:$T$4,0))) -> 32 | F45: =SUMPRODUCT(('Activity Hours'!$F$5:$F$87=F$39)*INDEX('Activity Hours'!$I$5:$T$87,0,MATCH($A45,'Activity Hours'!$I$4:$T$4,0))) -> 2538 | G45: =SUMPRODUCT(('Activity Hours'!$F$5:$F$87=G$39)*INDEX('Activity Hours'!$I$5:$T$87,0,MATCH($A45,'Activity Hours'!$I$4:$T$4,0))) -> 0 | H45: =SUM(C45:G45) -> 5748
A46: DE | B46: Data Engineer | C46: =SUMPRODUCT(('Activity Hours'!$F$5:$F$87=C$39)*INDEX('Activity Hours'!$I$5:$T$87,0,MATCH($A46,'Activity Hours'!$I$4:$T$4,0))) -> 105 | D46: =SUMPRODUCT(('Activity Hours'!$F$5:$F$87=D$39)*INDEX('Activity Hours'!$I$5:$T$87,0,MATCH($A46,'Activity Hours'!$I$4:$T$4,0))) -> 415 | E46: =SUMPRODUCT(('Activity Hours'!$F$5:$F$87=E$39)*INDEX('Activity Hours'!$I$5:$T$87,0,MATCH($A46,'Activity Hours'!$I$4:$T$4,0))) -> 1644 | F46: =SUMPRODUCT(('Activity Hours'!$F$5:$F$87=F$39)*INDEX('Activity Hours'!$I$5:$T$87,0,MATCH($A46,'Activity Hours'!$I$4:$T$4,0))) -> 771 | G46: =SUMPRODUCT(('Activity Hours'!$F$5:$F$87=G$39)*INDEX('Activity Hours'!$I$5:$T$87,0,MATCH($A46,'Activity Hours'!$I$4:$T$4,0))) -> 0 | H46: =SUM(C46:G46) -> 2935
A47: DG | B47: Data Architect / Governance | C47: =SUMPRODUCT(('Activity Hours'!$F$5:$F$87=C$39)*INDEX('Activity Hours'!$I$5:$T$87,0,MATCH($A47,'Activity Hours'!$I$4:$T$4,0))) -> 0 | D47: =SUMPRODUCT(('Activity Hours'!$F$5:$F$87=D$39)*INDEX('Activity Hours'!$I$5:$T$87,0,MATCH($A47,'Activity Hours'!$I$4:$T$4,0))) -> 0 | E47: =SUMPRODUCT(('Activity Hours'!$F$5:$F$87=E$39)*INDEX('Activity Hours'!$I$5:$T$87,0,MATCH($A47,'Activity Hours'!$I$4:$T$4,0))) -> 723 | F47: =SUMPRODUCT(('Activity Hours'!$F$5:$F$87=F$39)*INDEX('Activity Hours'!$I$5:$T$87,0,MATCH($A47,'Activity Hours'!$I$4:$T$4,0))) -> 31 | G47: =SUMPRODUCT(('Activity Hours'!$F$5:$F$87=G$39)*INDEX('Activity Hours'!$I$5:$T$87,0,MATCH($A47,'Activity Hours'!$I$4:$T$4,0))) -> 0 | H47: =SUM(C47:G47) -> 754
A48: DEV | B48: Full-stack Developer | C48: =SUMPRODUCT(('Activity Hours'!$F$5:$F$87=C$39)*INDEX('Activity Hours'!$I$5:$T$87,0,MATCH($A48,'Activity Hours'!$I$4:$T$4,0))) -> 537 | D48: =SUMPRODUCT(('Activity Hours'!$F$5:$F$87=D$39)*INDEX('Activity Hours'!$I$5:$T$87,0,MATCH($A48,'Activity Hours'!$I$4:$T$4,0))) -> 348 | E48: =SUMPRODUCT(('Activity Hours'!$F$5:$F$87=E$39)*INDEX('Activity Hours'!$I$5:$T$87,0,MATCH($A48,'Activity Hours'!$I$4:$T$4,0))) -> 0 | F48: =SUMPRODUCT(('Activity Hours'!$F$5:$F$87=F$39)*INDEX('Activity Hours'!$I$5:$T$87,0,MATCH($A48,'Activity Hours'!$I$4:$T$4,0))) -> 1146 | G48: =SUMPRODUCT(('Activity Hours'!$F$5:$F$87=G$39)*INDEX('Activity Hours'!$I$5:$T$87,0,MATCH($A48,'Activity Hours'!$I$4:$T$4,0))) -> 0 | H48: =SUM(C48:G48) -> 2031
A49: BA | B49: Business Analyst / Product Owner | C49: =SUMPRODUCT(('Activity Hours'!$F$5:$F$87=C$39)*INDEX('Activity Hours'!$I$5:$T$87,0,MATCH($A49,'Activity Hours'!$I$4:$T$4,0))) -> 69 | D49: =SUMPRODUCT(('Activity Hours'!$F$5:$F$87=D$39)*INDEX('Activity Hours'!$I$5:$T$87,0,MATCH($A49,'Activity Hours'!$I$4:$T$4,0))) -> 161 | E49: =SUMPRODUCT(('Activity Hours'!$F$5:$F$87=E$39)*INDEX('Activity Hours'!$I$5:$T$87,0,MATCH($A49,'Activity Hours'!$I$4:$T$4,0))) -> 338 | F49: =SUMPRODUCT(('Activity Hours'!$F$5:$F$87=F$39)*INDEX('Activity Hours'!$I$5:$T$87,0,MATCH($A49,'Activity Hours'!$I$4:$T$4,0))) -> 1657 | G49: =SUMPRODUCT(('Activity Hours'!$F$5:$F$87=G$39)*INDEX('Activity Hours'!$I$5:$T$87,0,MATCH($A49,'Activity Hours'!$I$4:$T$4,0))) -> 0 | H49: =SUM(C49:G49) -> 2225
A50: QA | B50: QA / Test Engineer | C50: =SUMPRODUCT(('Activity Hours'!$F$5:$F$87=C$39)*INDEX('Activity Hours'!$I$5:$T$87,0,MATCH($A50,'Activity Hours'!$I$4:$T$4,0))) -> 440 | D50: =SUMPRODUCT(('Activity Hours'!$F$5:$F$87=D$39)*INDEX('Activity Hours'!$I$5:$T$87,0,MATCH($A50,'Activity Hours'!$I$4:$T$4,0))) -> 653 | E50: =SUMPRODUCT(('Activity Hours'!$F$5:$F$87=E$39)*INDEX('Activity Hours'!$I$5:$T$87,0,MATCH($A50,'Activity Hours'!$I$4:$T$4,0))) -> 192 | F50: =SUMPRODUCT(('Activity Hours'!$F$5:$F$87=F$39)*INDEX('Activity Hours'!$I$5:$T$87,0,MATCH($A50,'Activity Hours'!$I$4:$T$4,0))) -> 974 | G50: =SUMPRODUCT(('Activity Hours'!$F$5:$F$87=G$39)*INDEX('Activity Hours'!$I$5:$T$87,0,MATCH($A50,'Activity Hours'!$I$4:$T$4,0))) -> 0 | H50: =SUM(C50:G50) -> 2259
A51: CM | B51: Change & Training Lead | C51: =SUMPRODUCT(('Activity Hours'!$F$5:$F$87=C$39)*INDEX('Activity Hours'!$I$5:$T$87,0,MATCH($A51,'Activity Hours'!$I$4:$T$4,0))) -> 0 | D51: =SUMPRODUCT(('Activity Hours'!$F$5:$F$87=D$39)*INDEX('Activity Hours'!$I$5:$T$87,0,MATCH($A51,'Activity Hours'!$I$4:$T$4,0))) -> 8 | E51: =SUMPRODUCT(('Activity Hours'!$F$5:$F$87=E$39)*INDEX('Activity Hours'!$I$5:$T$87,0,MATCH($A51,'Activity Hours'!$I$4:$T$4,0))) -> 114 | F51: =SUMPRODUCT(('Activity Hours'!$F$5:$F$87=F$39)*INDEX('Activity Hours'!$I$5:$T$87,0,MATCH($A51,'Activity Hours'!$I$4:$T$4,0))) -> 466 | G51: =SUMPRODUCT(('Activity Hours'!$F$5:$F$87=G$39)*INDEX('Activity Hours'!$I$5:$T$87,0,MATCH($A51,'Activity Hours'!$I$4:$T$4,0))) -> 0 | H51: =SUM(C51:G51) -> 588
B52: Total | C52: =SUM(C40:C51) -> 4477 | D52: =SUM(D40:D51) -> 5952 | E52: =SUM(E40:E51) -> 3412 | F52: =SUM(F40:F51) -> 8503 | G52: =SUM(G40:G51) -> 1656 | H52: =SUM(H40:H51) -> 24000

Sheet Estimate Overview
A1: Estimate overview: 24,000 hours
A2: All figures are live formulas over the Task Breakdown sheet.
A4: Track | B4: Phase 1 | C4: Phase 2 | D4: Phase 3 | E4: Phase 4 | F4: Total hours | G4: % of total
A5: AI Platform Setup | B5: =SUMIFS('Task Breakdown'!$U$5:$U$681,'Task Breakdown'!$C$5:$C$681,$A5,'Task Breakdown'!$D$5:$D$681,"Phase 1") -> 1432 | C5: =SUMIFS('Task Breakdown'!$U$5:$U$681,'Task Breakdown'!$C$5:$C$681,$A5,'Task Breakdown'!$D$5:$D$681,"Phase 2") -> 1792 | D5: =SUMIFS('Task Breakdown'!$U$5:$U$681,'Task Breakdown'!$C$5:$C$681,$A5,'Task Breakdown'!$D$5:$D$681,"Phase 3") -> 2152 | E5: =SUMIFS('Task Breakdown'!$U$5:$U$681,'Task Breakdown'!$C$5:$C$681,$A5,'Task Breakdown'!$D$5:$D$681,"Phase 4") -> 1641 | F5: =SUM(B5:E5) -> 7017 | G5: =IF($F$9>0,F5/$F$9,0) -> 0.292375
A6: AI Data Readiness | B6: =SUMIFS('Task Breakdown'!$U$5:$U$681,'Task Breakdown'!$C$5:$C$681,$A6,'Task Breakdown'!$D$5:$D$681,"Phase 1") -> 858 | C6: =SUMIFS('Task Breakdown'!$U$5:$U$681,'Task Breakdown'!$C$5:$C$681,$A6,'Task Breakdown'!$D$5:$D$681,"Phase 2") -> 2128 | D6: =SUMIFS('Task Breakdown'!$U$5:$U$681,'Task Breakdown'!$C$5:$C$681,$A6,'Task Breakdown'!$D$5:$D$681,"Phase 3") -> 1945 | E6: =SUMIFS('Task Breakdown'!$U$5:$U$681,'Task Breakdown'!$C$5:$C$681,$A6,'Task Breakdown'!$D$5:$D$681,"Phase 4") -> 1131 | F6: =SUM(B6:E6) -> 6062 | G6: =IF($F$9>0,F6/$F$9,0) -> 0.25258333
A7: AI Use Cases | B7: =SUMIFS('Task Breakdown'!$U$5:$U$681,'Task Breakdown'!$C$5:$C$681,$A7,'Task Breakdown'!$D$5:$D$681,"Phase 1") -> 609 | C7: =SUMIFS('Task Breakdown'!$U$5:$U$681,'Task Breakdown'!$C$5:$C$681,$A7,'Task Breakdown'!$D$5:$D$681,"Phase 2") -> 2131 | D7: =SUMIFS('Task Breakdown'!$U$5:$U$681,'Task Breakdown'!$C$5:$C$681,$A7,'Task Breakdown'!$D$5:$D$681,"Phase 3") -> 4270 | E7: =SUMIFS('Task Breakdown'!$U$5:$U$681,'Task Breakdown'!$C$5:$C$681,$A7,'Task Breakdown'!$D$5:$D$681,"Phase 4") -> 2255 | F7: =SUM(B7:E7) -> 9265 | G7: =IF($F$9>0,F7/$F$9,0) -> 0.38604167
A8: Program Management | B8: =SUMIFS('Task Breakdown'!$U$5:$U$681,'Task Breakdown'!$C$5:$C$681,$A8,'Task Breakdown'!$D$5:$D$681,"Phase 1") -> 414 | C8: =SUMIFS('Task Breakdown'!$U$5:$U$681,'Task Breakdown'!$C$5:$C$681,$A8,'Task Breakdown'!$D$5:$D$681,"Phase 2") -> 414 | D8: =SUMIFS('Task Breakdown'!$U$5:$U$681,'Task Breakdown'!$C$5:$C$681,$A8,'Task Breakdown'!$D$5:$D$681,"Phase 3") -> 414 | E8: =SUMIFS('Task Breakdown'!$U$5:$U$681,'Task Breakdown'!$C$5:$C$681,$A8,'Task Breakdown'!$D$5:$D$681,"Phase 4") -> 414 | F8: =SUM(B8:E8) -> 1656 | G8: =IF($F$9>0,F8/$F$9,0) -> 0.069
A9: Total | B9: =SUM(B5:B8) -> 3313 | C9: =SUM(C5:C8) -> 6465 | D9: =SUM(D5:D8) -> 8781 | E9: =SUM(E5:E8) -> 5441 | F9: =SUM(F5:F8) -> 24000 | G9: =SUM(G5:G8) -> 1
A11: Target hours | B11: 24000
A12: Planned minus target | B12: =F9-B11 -> 0 | C12: =IF(B12=0,"On target","Off target: adjust Task Breakdown hours") -> On target
A15: Role mix check
A16: Role | B16: Hours | C16: % of total | D16: Typical range for AI programs | E16: Comment
A17: PM – Program / Project Manager | B17: ='Task Breakdown'!I682 -> 1734 | C17: =IF($F$9>0,B17/$F$9,0) -> 0.07225 | D17: 6–10% | E17: Program across 3 teams and many plants
A18: CA – Cloud / Platform Architect | B18: ='Task Breakdown'!J682 -> 692 | C18: =IF($F$9>0,B18/$F$9,0) -> 0.028833333 | D18: 2–4% | E18: Architecture front-loaded in Phase 1
A19: DO – Platform / DevOps Engineer | B19: ='Task Breakdown'!K682 -> 2649 | C19: =IF($F$9>0,B19/$F$9,0) -> 0.110375 | D19: 8–12% | E19: Landing zone, IaC, DR, plant gateways
A20: SE – Security Engineer | B20: ='Task Breakdown'!L682 -> 1027 | C20: =IF($F$9>0,B20/$F$9,0) -> 0.042791667 | D20: 4–7% | E20: Identity, OT security, pen test, SOX controls
A21: AIA – AI Architect | B21: ='Task Breakdown'!M682 -> 1358 | C21: =IF($F$9>0,B21/$F$9,0) -> 0.056583333 | D21: 4–6% | E21: Design authority for agents and RAG
A22: AIE – AI / ML Engineer | B22: ='Task Breakdown'!N682 -> 5748 | C22: =IF($F$9>0,B22/$F$9,0) -> 0.2395 | D22: 18–25% | E22: Largest role: agents, RAG, gateway, evaluation
A23: DE – Data Engineer | B23: ='Task Breakdown'!O682 -> 2935 | C23: =IF($F$9>0,B23/$F$9,0) -> 0.12229167 | D23: 10–15% | E23: SAP, MES, PI pipelines and plant onboarding
A24: DG – Data Architect / Governance | B24: ='Task Breakdown'!P682 -> 754 | C24: =IF($F$9>0,B24/$F$9,0) -> 0.031416667 | D24: 2–4% | E24: Classification, catalog, lineage
A25: DEV – Full-stack Developer | B25: ='Task Breakdown'!Q682 -> 2031 | C25: =IF($F$9>0,B25/$F$9,0) -> 0.084625 | D25: 7–10% | E25: Teams app, web, mobile, admin panel
A26: BA – Business Analyst / Product Owner | B26: ='Task Breakdown'!R682 -> 2225 | C26: =IF($F$9>0,B26/$F$9,0) -> 0.092708333 | D26: 8–12% | E26: Requirements, KPIs, golden test sets
A27: QA – QA / Test Engineer | B27: ='Task Breakdown'!S682 -> 2259 | C27: =IF($F$9>0,B27/$F$9,0) -> 0.094125 | D27: 9–13% | E27: Testing inside every item
A28: CM – Change & Training Lead | B28: ='Task Breakdown'!T682 -> 588 | C28: =IF($F$9>0,B28/$F$9,0) -> 0.0245 | D28: 2–4% | E28: Training and adoption across plants

Sheet Phase 1
A1: Phase 1: tasks and hours for each item (Foundation / Assess / Discover)
A2: Bold rows are the slide items; the rows beneath are their implementation tasks (green = linked to Task Breakdown).
A4: ID | B4: Item / task | C4: Owner team | D4: Deliverable | E4: PM | F4: CA | G4: DO | H4: SE | I4: AIA | J4: AIE | K4: DE | L4: DG | M4: DEV | N4: BA | O4: QA | P4: CM | Q4: Total hours | R4: % of phase
A5: AI Platform Setup: Foundation
A6: PS-1.01 | B6: Azure landing zone, subscriptions, VNets, private endpoints | C6: Platform Engineering | D6: Landing zone deployed | E6: =SUM(E7:E18) -> 0 | F6: =SUM(F7:F18) -> 77 | G6: =SUM(G7:G18) -> 197 | H6: =SUM(H7:H18) -> 40 | I6: =SUM(I7:I18) -> 0 | J6: =SUM(J7:J18) -> 0 | K6: =SUM(K7:K18) -> 0 | L6: =SUM(L7:L18) -> 0 | ... Q6: =SUM(Q7:Q18) -> 334 | R6: =IF($Q$183>0,Q6/$Q$183,0) -> 0.10081497
A7: ='Task Breakdown'!A5 -> PS-1.01.01 | B7: ='Task Breakdown'!G5 -> Define management-group and subscription hierarchy (prod, non-prod, sandbox) | E7: ='Task Breakdown'!I5 -> 0 | F7: ='Task Breakdown'!J5 -> 15 | G7: ='Task Breakdown'!K5 -> 0 | H7: ='Task Breakdown'!L5 -> 0 | I7: ='Task Breakdown'!M5 -> 0 | J7: ='Task Breakdown'!N5 -> 0 | K7: ='Task Breakdown'!O5 -> 0 | L7: ='Task Breakdown'!P5 -> 0 | ... P7: ='Task Breakdown'!T5 -> 0 | Q7: =SUM(E7:P7) -> 15 | R7: =IF($Q$183>0,Q7/$Q$183,0) -> 0.0045276185
A8: ='Task Breakdown'!A6 -> PS-1.01.02 | B8: ='Task Breakdown'!G6 -> Design hub-and-spoke network, IP address plan and DNS | E8: ='Task Breakdown'!I6 -> 0 | F8: ='Task Breakdown'!J6 -> 20 | G8: ='Task Breakdown'!K6 -> 10 | H8: ='Task Breakdown'!L6 -> 0 | I8: ='Task Breakdown'!M6 -> 0 | J8: ='Task Breakdown'!N6 -> 0 | K8: ='Task Breakdown'!O6 -> 0 | L8: ='Task Breakdown'!P6 -> 0 | ... P8: ='Task Breakdown'!T6 -> 0 | Q8: =SUM(E8:P8) -> 30 | R8: =IF($Q$183>0,Q8/$Q$183,0) -> 0.0090552369
A9: ='Task Breakdown'!A7 -> PS-1.01.03 | B9: ='Task Breakdown'!G7 -> Deploy hub VNet, Azure Firewall and spoke VNets | E9: ='Task Breakdown'!I7 -> 0 | F9: ='Task Breakdown'!J7 -> 0 | G9: ='Task Breakdown'!K7 -> 41 | H9: ='Task Breakdown'!L7 -> 0 | I9: ='Task Breakdown'!M7 -> 0 | J9: ='Task Breakdown'!N7 -> 0 | K9: ='Task Breakdown'!O7 -> 0 | L9: ='Task Breakdown'!P7 -> 0 | ... P9: ='Task Breakdown'!T7 -> 0 | Q9: =SUM(E9:P9) -> 41 | R9: =IF($Q$183>0,Q9/$Q$183,0) -> 0.01237549
A10: ='Task Breakdown'!A8 -> PS-1.01.04 | B10: ='Task Breakdown'!G8 -> Set up ExpressRoute / VPN to Ball data centers and plants | E10: ='Task Breakdown'!I8 -> 0 | F10: ='Task Breakdown'!J8 -> 10 | G10: ='Task Breakdown'!K8 -> 31 | H10: ='Task Breakdown'!L8 -> 5 | I10: ='Task Breakdown'!M8 -> 0 | J10: ='Task Breakdown'!N8 -> 0 | K10: ='Task Breakdown'!O8 -> 0 | L10: ='Task Breakdown'!P8 -> 0 | ... P10: ='Task Breakdown'!T8 -> 0 | Q10: =SUM(E10:P10) -> 46 | R10: =IF($Q$183>0,Q10/$Q$183,0) -> 0.013884697
A11: ='Task Breakdown'!A9 -> PS-1.01.05 | B11: ='Task Breakdown'!G9 -> Configure private endpoints and private DNS zones for PaaS services | E11: ='Task Breakdown'!I9 -> 0 | F11: ='Task Breakdown'!J9 -> 0 | G11: ='Task Breakdown'!K9 -> 41 | H11: ='Task Breakdown'!L9 -> 10 | I11: ='Task Breakdown'!M9 -> 0 | J11: ='Task Breakdown'!N9 -> 0 | K11: ='Task Breakdown'!O9 -> 0 | L11: ='Task Breakdown'!P9 -> 0 | ... P11: ='Task Breakdown'!T9 -> 0 | Q11: =SUM(E11:P11) -> 51 | R11: =IF($Q$183>0,Q11/$Q$183,0) -> 0.015393903
A12: ='Task Breakdown'!A10 -> PS-1.01.06 | B12: ='Task Breakdown'!G10 -> Apply Azure Policy baseline (allowed regions, tagging, no public IPs) | E12: ='Task Breakdown'!I10 -> 0 | F12: ='Task Breakdown'!J10 -> 5 | G12: ='Task Breakdown'!K10 -> 20 | H12: ='Task Breakdown'!L10 -> 15 | I12: ='Task Breakdown'!M10 -> 0 | J12: ='Task Breakdown'!N10 -> 0 | K12: ='Task Breakdown'!O10 -> 0 | L12: ='Task Breakdown'!P10 -> 0 | ... P12: ='Task Breakdown'!T10 -> 0 | Q12: =SUM(E12:P12) -> 40 | R12: =IF($Q$183>0,Q12/$Q$183,0) -> 0.012073649
A13: ='Task Breakdown'!A11 -> PS-1.01.07 | B13: ='Task Breakdown'!G11 -> Enable Defender for Cloud and diagnostic settings | E13: ='Task Breakdown'!I11 -> 0 | F13: ='Task Breakdown'!J11 -> 0 | G13: ='Task Breakdown'!K11 -> 10 | H13: ='Task Breakdown'!L11 -> 10 | I13: ='Task Breakdown'!M11 -> 0 | J13: ='Task Breakdown'!N11 -> 0 | K13: ='Task Breakdown'!O11 -> 0 | L13: ='Task Breakdown'!P11 -> 0 | ... P13: ='Task Breakdown'!T11 -> 0 | Q13: =SUM(E13:P13) -> 20 | R13: =IF($Q$183>0,Q13/$Q$183,0) -> 0.0060368246
A14: ='Task Breakdown'!A12 -> PS-1.01.08 | B14: ='Task Breakdown'!G12 -> Validate connectivity and policy compliance | E14: ='Task Breakdown'!I12 -> 0 | F14: ='Task Breakdown'!J12 -> 10 | G14: ='Task Breakdown'!K12 -> 0 | H14: ='Task Breakdown'!L12 -> 0 | I14: ='Task Breakdown'!M12 -> 0 | J14: ='Task Breakdown'!N12 -> 0 | K14: ='Task Breakdown'!O12 -> 0 | L14: ='Task Breakdown'!P12 -> 0 | ... P14: ='Task Breakdown'!T12 -> 0 | Q14: =SUM(E14:P14) -> 30 | R14: =IF($Q$183>0,Q14/$Q$183,0) -> 0.0090552369
A15: ='Task Breakdown'!A13 -> PS-1.01.09 | B15: ='Task Breakdown'!G13 -> Detailed design and design review | E15: ='Task Breakdown'!I13 -> 0 | F15: ='Task Breakdown'!J13 -> 17 | G15: ='Task Breakdown'!K13 -> 0 | H15: ='Task Breakdown'!L13 -> 0 | I15: ='Task Breakdown'!M13 -> 0 | J15: ='Task Breakdown'!N13 -> 0 | K15: ='Task Breakdown'!O13 -> 0 | L15: ='Task Breakdown'!P13 -> 0 | ... P15: ='Task Breakdown'!T13 -> 0 | Q15: =SUM(E15:P15) -> 17 | R15: =IF($Q$183>0,Q15/$Q$183,0) -> 0.0051313009
A16: ='Task Breakdown'!A14 -> PS-1.01.10 | B16: ='Task Breakdown'!G14 -> Promote through dev / test / prod and release | E16: ='Task Breakdown'!I14 -> 0 | F16: ='Task Breakdown'!J14 -> 0 | G16: ='Task Breakdown'!K14 -> 11 | H16: ='Task Breakdown'!L14 -> 0 | I16: ='Task Breakdown'!M14 -> 0 | J16: ='Task Breakdown'!N14 -> 0 | K16: ='Task Breakdown'!O14 -> 0 | L16: ='Task Breakdown'!P14 -> 0 | ... P16: ='Task Breakdown'!T14 -> 0 | Q16: =SUM(E16:P16) -> 11 | R16: =IF($Q$183>0,Q16/$Q$183,0) -> 0.0033202535
A17: ='Task Breakdown'!A15 -> PS-1.01.11 | B17: ='Task Breakdown'!G15 -> Documentation, runbook and knowledge transfer | E17: ='Task Breakdown'!I15 -> 0 | F17: ='Task Breakdown'!J15 -> 0 | G17: ='Task Breakdown'!K15 -> 11 | H17: ='Task Breakdown'!L15 -> 0 | I17: ='Task Breakdown'!M15 -> 0 | J17: ='Task Breakdown'!N15 -> 0 | K17: ='Task Breakdown'!O15 -> 0 | L17: ='Task Breakdown'!P15 -> 0 | ... P17: ='Task Breakdown'!T15 -> 0 | Q17: =SUM(E17:P17) -> 11 | R17: =IF($Q$183>0,Q17/$Q$183,0) -> 0.0033202535
A18: ='Task Breakdown'!A16 -> PS-1.01.12 | B18: ='Task Breakdown'!G16 -> Defect fixing and rework after testing | E18: ='Task Breakdown'!I16 -> 0 | F18: ='Task Breakdown'!J16 -> 0 | G18: ='Task Breakdown'!K16 -> 22 | H18: ='Task Breakdown'!L16 -> 0 | I18: ='Task Breakdown'!M16 -> 0 | J18: ='Task Breakdown'!N16 -> 0 | K18: ='Task Breakdown'!O16 -> 0 | L18: ='Task Breakdown'!P16 -> 0 | ... P18: ='Task Breakdown'!T16 -> 0 | Q18: =SUM(E18:P18) -> 22 | R18: =IF($Q$183>0,Q18/$Q$183,0) -> 0.0066405071
A19: PS-1.02 | B19: Entra ID SSO, MFA / PIM, conditional access | C19: Platform Engineering | D19: Identity and access configuration | E19: =SUM(E20:E27) -> 0 | F19: =SUM(F20:F27) -> 24 | G19: =SUM(G20:G27) -> 16 | H19: =SUM(H20:H27) -> 89 | I19: =SUM(I20:I27) -> 0 | J19: =SUM(J20:J27) -> 0 | K19: =SUM(K20:K27) -> 0 | L19: =SUM(L20:L27) -> 0 | ... Q19: =SUM(Q20:Q27) -> 145 | R19: =IF($Q$183>0,Q19/$Q$183,0) -> 0.043766979
A20: ='Task Breakdown'!A17 -> PS-1.02.01 | B20: ='Task Breakdown'!G17 -> Register enterprise apps and app registrations for platform services | E20: ='Task Breakdown'!I17 -> 0 | F20: ='Task Breakdown'!J17 -> 0 | G20: ='Task Breakdown'!K17 -> 8 | H20: ='Task Breakdown'!L17 -> 12 | I20: ='Task Breakdown'!M17 -> 0 | J20: ='Task Breakdown'!N17 -> 0 | K20: ='Task Breakdown'!O17 -> 0 | L20: ='Task Breakdown'!P17 -> 0 | ... P20: ='Task Breakdown'!T17 -> 0 | Q20: =SUM(E20:P20) -> 20 | R20: =IF($Q$183>0,Q20/$Q$183,0) -> 0.0060368246
A21: ='Task Breakdown'!A18 -> PS-1.02.02 | B21: ='Task Breakdown'!G18 -> Configure SSO (OIDC / SAML) for web, mobile and Teams clients | E21: ='Task Breakdown'!I18 -> 0 | F21: ='Task Breakdown'!J18 -> 0 | G21: ='Task Breakdown'!K18 -> 8 | H21: ='Task Breakdown'!L18 -> 20 | I21: ='Task Breakdown'!M18 -> 0 | J21: ='Task Breakdown'!N18 -> 0 | K21: ='Task Breakdown'!O18 -> 0 | L21: ='Task Breakdown'!P18 -> 0 | ... P21: ='Task Breakdown'!T18 -> 0 | Q21: =SUM(E21:P21) -> 28 | R21: =IF($Q$183>0,Q21/$Q$183,0) -> 0.0084515545
A22: ='Task Breakdown'!A19 -> PS-1.02.03 | B22: ='Task Breakdown'!G19 -> Enforce MFA and create conditional access policies (device, location, risk) | E22: ='Task Breakdown'!I19 -> 0 | F22: ='Task Breakdown'!J19 -> 8 | G22: ='Task Breakdown'!K19 -> 0 | H22: ='Task Breakdown'!L19 -> 20 | I22: ='Task Breakdown'!M19 -> 0 | J22: ='Task Breakdown'!N19 -> 0 | K22: ='Task Breakdown'!O19 -> 0 | L22: ='Task Breakdown'!P19 -> 0 | ... P22: ='Task Breakdown'!T19 -> 0 | Q22: =SUM(E22:P22) -> 28 | R22: =IF($Q$183>0,Q22/$Q$183,0) -> 0.0084515545
A23: ='Task Breakdown'!A20 -> PS-1.02.04 | B23: ='Task Breakdown'!G20 -> Set up PIM for privileged roles with approval and time limits | E23: ='Task Breakdown'!I20 -> 0 | F23: ='Task Breakdown'!J20 -> 0 | G23: ='Task Breakdown'!K20 -> 0 | H23: ='Task Breakdown'!L20 -> 16 | I23: ='Task Breakdown'!M20 -> 0 | J23: ='Task Breakdown'!N20 -> 0 | K23: ='Task Breakdown'!O20 -> 0 | L23: ='Task Breakdown'!P20 -> 0 | ... P23: ='Task Breakdown'!T20 -> 0 | Q23: =SUM(E23:P23) -> 16 | R23: =IF($Q$183>0,Q23/$Q$183,0) -> 0.0048294597
A24: ='Task Breakdown'!A21 -> PS-1.02.05 | B24: ='Task Breakdown'!G21 -> Create managed identities for services and agents | E24: ='Task Breakdown'!I21 -> 0 | F24: ='Task Breakdown'!J21 -> 8 | G24: ='Task Breakdown'!K21 -> 0 | H24: ='Task Breakdown'!L21 -> 12 | I24: ='Task Breakdown'!M21 -> 0 | J24: ='Task Breakdown'!N21 -> 0 | K24: ='Task Breakdown'!O21 -> 0 | L24: ='Task Breakdown'!P21 -> 0 | ... P24: ='Task Breakdown'!T21 -> 0 | Q24: =SUM(E24:P24) -> 20 | R24: =IF($Q$183>0,Q24/$Q$183,0) -> 0.0060368246
A25: ='Task Breakdown'!A22 -> PS-1.02.06 | B25: ='Task Breakdown'!G22 -> Test sign-in flows and break-glass accounts | E25: ='Task Breakdown'!I22 -> 0 | F25: ='Task Breakdown'!J22 -> 0 | G25: ='Task Breakdown'!K22 -> 0 | H25: ='Task Breakdown'!L22 -> 4 | I25: ='Task Breakdown'!M22 -> 0 | J25: ='Task Breakdown'!N22 -> 0 | K25: ='Task Breakdown'!O22 -> 0 | L25: ='Task Breakdown'!P22 -> 0 | ... P25: ='Task Breakdown'!T22 -> 0 | Q25: =SUM(E25:P25) -> 20 | R25: =IF($Q$183>0,Q25/$Q$183,0) -> 0.0060368246
A26: ='Task Breakdown'!A23 -> PS-1.02.07 | B26: ='Task Breakdown'!G23 -> Detailed design and design review | E26: ='Task Breakdown'!I23 -> 0 | F26: ='Task Breakdown'!J23 -> 8 | G26: ='Task Breakdown'!K23 -> 0 | H26: ='Task Breakdown'!L23 -> 0 | I26: ='Task Breakdown'!M23 -> 0 | J26: ='Task Breakdown'!N23 -> 0 | K26: ='Task Breakdown'!O23 -> 0 | L26: ='Task Breakdown'!P23 -> 0 | ... P26: ='Task Breakdown'!T23 -> 0 | Q26: =SUM(E26:P26) -> 8 | R26: =IF($Q$183>0,Q26/$Q$183,0) -> 0.0024147299
A27: ='Task Breakdown'!A24 -> PS-1.02.08 | B27: ='Task Breakdown'!G24 -> Documentation, runbook and knowledge transfer | E27: ='Task Breakdown'!I24 -> 0 | F27: ='Task Breakdown'!J24 -> 0 | G27: ='Task Breakdown'!K24 -> 0 | H27: ='Task Breakdown'!L24 -> 5 | I27: ='Task Breakdown'!M24 -> 0 | J27: ='Task Breakdown'!N24 -> 0 | K27: ='Task Breakdown'!O24 -> 0 | L27: ='Task Breakdown'!P24 -> 0 | ... P27: ='Task Breakdown'!T24 -> 0 | Q27: =SUM(E27:P27) -> 5 | R27: =IF($Q$183>0,Q27/$Q$183,0) -> 0.0015092062
A28: PS-1.03 | B28: RBAC / ABAC roles and fine-grained permissions | C28: Platform Engineering | D28: Role and permission matrix | E28: =SUM(E29:E35) -> 0 | F28: =SUM(F29:F35) -> 27 | G28: =SUM(G29:G35) -> 0 | H28: =SUM(H29:H35) -> 86 | I28: =SUM(I29:I35) -> 0 | J28: =SUM(J29:J35) -> 0 | K28: =SUM(K29:K35) -> 0 | L28: =SUM(L29:L35) -> 0 | ... Q28: =SUM(Q29:Q35) -> 133 | R28: =IF($Q$183>0,Q28/$Q$183,0) -> 0.040144884
A29: ='Task Breakdown'!A25 -> PS-1.03.01 | B29: ='Task Breakdown'!G25 -> Gather personas and access needs (plant ops, engineers, analysts, admins) | E29: ='Task Breakdown'!I25 -> 0 | F29: ='Task Breakdown'!J25 -> 0 | G29: ='Task Breakdown'!K25 -> 0 | H29: ='Task Breakdown'!L25 -> 10 | I29: ='Task Breakdown'!M25 -> 0 | J29: ='Task Breakdown'!N25 -> 0 | K29: ='Task Breakdown'!O25 -> 0 | L29: ='Task Breakdown'!P25 -> 0 | ... P29: ='Task Breakdown'!T25 -> 0 | Q29: =SUM(E29:P29) -> 30 | R29: =IF($Q$183>0,Q29/$Q$183,0) -> 0.0090552369
A30: ='Task Breakdown'!A26 -> PS-1.03.02 | B30: ='Task Breakdown'!G26 -> Design role model and permission matrix (RBAC + ABAC attributes: plant, region, function) | E30: ='Task Breakdown'!I26 -> 0 | F30: ='Task Breakdown'!J26 -> 15 | G30: ='Task Breakdown'!K26 -> 0 | H30: ='Task Breakdown'!L26 -> 26 | I30: ='Task Breakdown'!M26 -> 0 | J30: ='Task Breakdown'!N26 -> 0 | K30: ='Task Breakdown'!O26 -> 0 | L30: ='Task Breakdown'!P26 -> 0 | ... P30: ='Task Breakdown'!T26 -> 0 | Q30: =SUM(E30:P30) -> 41 | R30: =IF($Q$183>0,Q30/$Q$183,0) -> 0.01237549
A31: ='Task Breakdown'!A27 -> PS-1.03.03 | B31: ='Task Breakdown'!G27 -> Create Entra security groups and custom Azure roles | E31: ='Task Breakdown'!I27 -> 0 | F31: ='Task Breakdown'!J27 -> 0 | G31: ='Task Breakdown'!K27 -> 0 | H31: ='Task Breakdown'!L27 -> 20 | I31: ='Task Breakdown'!M27 -> 0 | J31: ='Task Breakdown'!N27 -> 0 | K31: ='Task Breakdown'!O27 -> 0 | L31: ='Task Breakdown'!P27 -> 0 | ... P31: ='Task Breakdown'!T27 -> 0 | Q31: =SUM(E31:P31) -> 20 | R31: =IF($Q$183>0,Q31/$Q$183,0) -> 0.0060368246
A32: ='Task Breakdown'!A28 -> PS-1.03.04 | B32: ='Task Breakdown'!G28 -> Map agent and tool permissions to roles | E32: ='Task Breakdown'!I28 -> 0 | F32: ='Task Breakdown'!J28 -> 5 | G32: ='Task Breakdown'!K28 -> 0 | H32: ='Task Breakdown'!L28 -> 15 | I32: ='Task Breakdown'!M28 -> 0 | J32: ='Task Breakdown'!N28 -> 0 | K32: ='Task Breakdown'!O28 -> 0 | L32: ='Task Breakdown'!P28 -> 0 | ... P32: ='Task Breakdown'!T28 -> 0 | Q32: =SUM(E32:P32) -> 20 | R32: =IF($Q$183>0,Q32/$Q$183,0) -> 0.0060368246
A33: ='Task Breakdown'!A29 -> PS-1.03.05 | B33: ='Task Breakdown'!G29 -> Document access request and periodic access review process | E33: ='Task Breakdown'!I29 -> 0 | F33: ='Task Breakdown'!J29 -> 0 | G33: ='Task Breakdown'!K29 -> 0 | H33: ='Task Breakdown'!L29 -> 10 | I33: ='Task Breakdown'!M29 -> 0 | J33: ='Task Breakdown'!N29 -> 0 | K33: ='Task Breakdown'!O29 -> 0 | L33: ='Task Breakdown'!P29 -> 0 | ... P33: ='Task Breakdown'!T29 -> 0 | Q33: =SUM(E33:P33) -> 10 | R33: =IF($Q$183>0,Q33/$Q$183,0) -> 0.0030184123
A34: ='Task Breakdown'!A30 -> PS-1.03.06 | B34: ='Task Breakdown'!G30 -> Detailed design and design review | E34: ='Task Breakdown'!I30 -> 0 | F34: ='Task Breakdown'!J30 -> 7 | G34: ='Task Breakdown'!K30 -> 0 | H34: ='Task Breakdown'!L30 -> 0 | I34: ='Task Breakdown'!M30 -> 0 | J34: ='Task Breakdown'!N30 -> 0 | K34: ='Task Breakdown'!O30 -> 0 | L34: ='Task Breakdown'!P30 -> 0 | ... P34: ='Task Breakdown'!T30 -> 0 | Q34: =SUM(E34:P34) -> 7 | R34: =IF($Q$183>0,Q34/$Q$183,0) -> 0.0021128886
A35: ='Task Breakdown'!A31 -> PS-1.03.07 | B35: ='Task Breakdown'!G31 -> Documentation, runbook and knowledge transfer | E35: ='Task Breakdown'!I31 -> 0 | F35: ='Task Breakdown'!J31 -> 0 | G35: ='Task Breakdown'!K31 -> 0 | H35: ='Task Breakdown'!L31 -> 5 | I35: ='Task Breakdown'!M31 -> 0 | J35: ='Task Breakdown'!N31 -> 0 | K35: ='Task Breakdown'!O31 -> 0 | L35: ='Task Breakdown'!P31 -> 0 | ... P35: ='Task Breakdown'!T31 -> 0 | Q35: =SUM(E35:P35) -> 5 | R35: =IF($Q$183>0,Q35/$Q$183,0) -> 0.0015092062
A36: PS-1.04 | B36: Key Vault, TDE / TLS encryption | C36: Platform Engineering | D36: Key and secret management in place | E36: =SUM(E37:E43) -> 0 | F36: =SUM(F37:F43) -> 5 | G36: =SUM(G37:G43) -> 32 | H36: =SUM(H37:H43) -> 51 | I36: =SUM(I37:I43) -> 0 | J36: =SUM(J37:J43) -> 0 | K36: =SUM(K37:K43) -> 0 | L36: =SUM(L37:L43) -> 0 | ... Q36: =SUM(Q37:Q43) -> 88 | R36: =IF($Q$183>0,Q36/$Q$183,0) -> 0.026562028
A37: ='Task Breakdown'!A32 -> PS-1.04.01 | B37: ='Task Breakdown'!G32 -> Deploy Key Vaults per environment with private endpoints | E37: ='Task Breakdown'!I32 -> 0 | F37: ='Task Breakdown'!J32 -> 0 | G37: ='Task Breakdown'!K32 -> 12 | H37: ='Task Breakdown'!L32 -> 4 | I37: ='Task Breakdown'!M32 -> 0 | J37: ='Task Breakdown'!N32 -> 0 | K37: ='Task Breakdown'!O32 -> 0 | L37: ='Task Breakdown'!P32 -> 0 | ... P37: ='Task Breakdown'!T32 -> 0 | Q37: =SUM(E37:P37) -> 16 | R37: =IF($Q$183>0,Q37/$Q$183,0) -> 0.0048294597
A38: ='Task Breakdown'!A33 -> PS-1.04.02 | B38: ='Task Breakdown'!G33 -> Define secret, key and certificate naming and rotation policy | E38: ='Task Breakdown'!I33 -> 0 | F38: ='Task Breakdown'!J33 -> 0 | G38: ='Task Breakdown'!K33 -> 0 | H38: ='Task Breakdown'!L33 -> 12 | I38: ='Task Breakdown'!M33 -> 0 | J38: ='Task Breakdown'!N33 -> 0 | K38: ='Task Breakdown'!O33 -> 0 | L38: ='Task Breakdown'!P33 -> 0 | ... P38: ='Task Breakdown'!T33 -> 0 | Q38: =SUM(E38:P38) -> 12 | R38: =IF($Q$183>0,Q38/$Q$183,0) -> 0.0036220948
A39: ='Task Breakdown'!A34 -> PS-1.04.03 | B39: ='Task Breakdown'!G34 -> Enable TDE with customer-managed keys on SQL, PostgreSQL and Storage | E39: ='Task Breakdown'!I34 -> 0 | F39: ='Task Breakdown'!J34 -> 0 | G39: ='Task Breakdown'!K34 -> 8 | H39: ='Task Breakdown'!L34 -> 16 | I39: ='Task Breakdown'!M34 -> 0 | J39: ='Task Breakdown'!N34 -> 0 | K39: ='Task Breakdown'!O34 -> 0 | L39: ='Task Breakdown'!P34 -> 0 | ... P39: ='Task Breakdown'!T34 -> 0 | Q39: =SUM(E39:P39) -> 24 | R39: =IF($Q$183>0,Q39/$Q$183,0) -> 0.0072441896
A40: ='Task Breakdown'!A35 -> PS-1.04.04 | B40: ='Task Breakdown'!G35 -> Enforce TLS 1.2+ and manage certificates for custom domains | E40: ='Task Breakdown'!I35 -> 0 | F40: ='Task Breakdown'!J35 -> 0 | G40: ='Task Breakdown'!K35 -> 8 | H40: ='Task Breakdown'!L35 -> 8 | I40: ='Task Breakdown'!M35 -> 0 | J40: ='Task Breakdown'!N35 -> 0 | K40: ='Task Breakdown'!O35 -> 0 | L40: ='Task Breakdown'!P35 -> 0 | ... P40: ='Task Breakdown'!T35 -> 0 | Q40: =SUM(E40:P40) -> 16 | R40: =IF($Q$183>0,Q40/$Q$183,0) -> 0.0048294597
A41: ='Task Breakdown'!A36 -> PS-1.04.05 | B41: ='Task Breakdown'!G36 -> Configure vault RBAC and audit logging | E41: ='Task Breakdown'!I36 -> 0 | F41: ='Task Breakdown'!J36 -> 0 | G41: ='Task Breakdown'!K36 -> 4 | H41: ='Task Breakdown'!L36 -> 8 | I41: ='Task Breakdown'!M36 -> 0 | J41: ='Task Breakdown'!N36 -> 0 | K41: ='Task Breakdown'!O36 -> 0 | L41: ='Task Breakdown'!P36 -> 0 | ... P41: ='Task Breakdown'!T36 -> 0 | Q41: =SUM(E41:P41) -> 12 | R41: =IF($Q$183>0,Q41/$Q$183,0) -> 0.0036220948
A42: ='Task Breakdown'!A37 -> PS-1.04.06 | B42: ='Task Breakdown'!G37 -> Detailed design and design review | E42: ='Task Breakdown'!I37 -> 0 | F42: ='Task Breakdown'!J37 -> 5 | G42: ='Task Breakdown'!K37 -> 0 | H42: ='Task Breakdown'!L37 -> 0 | I42: ='Task Breakdown'!M37 -> 0 | J42: ='Task Breakdown'!N37 -> 0 | K42: ='Task Breakdown'!O37 -> 0 | L42: ='Task Breakdown'!P37 -> 0 | ... P42: ='Task Breakdown'!T37 -> 0 | Q42: =SUM(E42:P42) -> 5 | R42: =IF($Q$183>0,Q42/$Q$183,0) -> 0.0015092062
A43: ='Task Breakdown'!A38 -> PS-1.04.07 | B43: ='Task Breakdown'!G38 -> Documentation, runbook and knowledge transfer | E43: ='Task Breakdown'!I38 -> 0 | F43: ='Task Breakdown'!J38 -> 0 | G43: ='Task Breakdown'!K38 -> 0 | H43: ='Task Breakdown'!L38 -> 3 | I43: ='Task Breakdown'!M38 -> 0 | J43: ='Task Breakdown'!N38 -> 0 | K43: ='Task Breakdown'!O38 -> 0 | L43: ='Task Breakdown'!P38 -> 0 | ... P43: ='Task Breakdown'!T38 -> 0 | Q43: =SUM(E43:P43) -> 3 | R43: =IF($Q$183>0,Q43/$Q$183,0) -> 0.00090552369
A44: PS-1.05 | B44: Front Door + API Management gateway | C44: Platform Engineering | D44: APIM instance with policies | E44: =SUM(E45:E54) -> 0 | F44: =SUM(F45:F54) -> 40 | G44: =SUM(G45:G54) -> 131 | H44: =SUM(H45:H54) -> 20 | I44: =SUM(I45:I54) -> 0 | J44: =SUM(J45:J54) -> 0 | K44: =SUM(K45:K54) -> 0 | L44: =SUM(L45:L54) -> 0 | ... Q44: =SUM(Q45:Q54) -> 211 | R44: =IF($Q$183>0,Q44/$Q$183,0) -> 0.0636885
A45: ='Task Breakdown'!A39 -> PS-1.05.01 | B45: ='Task Breakdown'!G39 -> Design gateway topology (Front Door to APIM to backends) | E45: ='Task Breakdown'!I39 -> 0 | F45: ='Task Breakdown'!J39 -> 20 | G45: ='Task Breakdown'!K39 -> 0 | H45: ='Task Breakdown'!L39 -> 0 | I45: ='Task Breakdown'!M39 -> 0 | J45: ='Task Breakdown'!N39 -> 0 | K45: ='Task Breakdown'!O39 -> 0 | L45: ='Task Breakdown'!P39 -> 0 | ... P45: ='Task Breakdown'!T39 -> 0 | Q45: =SUM(E45:P45) -> 20 | R45: =IF($Q$183>0,Q45/$Q$183,0) -> 0.0060368246
A46: ='Task Breakdown'!A40 -> PS-1.05.02 | B46: ='Task Breakdown'!G40 -> Deploy Front Door with WAF policy | E46: ='Task Breakdown'!I40 -> 0 | F46: ='Task Breakdown'!J40 -> 0 | G46: ='Task Breakdown'!K40 -> 20 | H46: ='Task Breakdown'!L40 -> 10 | I46: ='Task Breakdown'!M40 -> 0 | J46: ='Task Breakdown'!N40 -> 0 | K46: ='Task Breakdown'!O40 -> 0 | L46: ='Task Breakdown'!P40 -> 0 | ... P46: ='Task Breakdown'!T40 -> 0 | Q46: =SUM(E46:P46) -> 30 | R46: =IF($Q$183>0,Q46/$Q$183,0) -> 0.0090552369
A47: ='Task Breakdown'!A41 -> PS-1.05.03 | B47: ='Task Breakdown'!G41 -> Deploy APIM in internal VNet mode with custom domains | E47: ='Task Breakdown'!I41 -> 0 | F47: ='Task Breakdown'!J41 -> 0 | G47: ='Task Breakdown'!K41 -> 31 | H47: ='Task Breakdown'!L41 -> 0 | I47: ='Task Breakdown'!M41 -> 0 | J47: ='Task Breakdown'!N41 -> 0 | K47: ='Task Breakdown'!O41 -> 0 | L47: ='Task Breakdown'!P41 -> 0 | ... P47: ='Task Breakdown'!T41 -> 0 | Q47: =SUM(E47:P47) -> 31 | R47: =IF($Q$183>0,Q47/$Q$183,0) -> 0.0093570782
A48: ='Task Breakdown'!A42 -> PS-1.05.04 | B48: ='Task Breakdown'!G42 -> Configure products, subscriptions and JWT validation policy | E48: ='Task Breakdown'!I42 -> 0 | F48: ='Task Breakdown'!J42 -> 0 | G48: ='Task Breakdown'!K42 -> 26 | H48: ='Task Breakdown'!L42 -> 10 | I48: ='Task Breakdown'!M42 -> 0 | J48: ='Task Breakdown'!N42 -> 0 | K48: ='Task Breakdown'!O42 -> 0 | L48: ='Task Breakdown'!P42 -> 0 | ... P48: ='Task Breakdown'!T42 -> 0 | Q48: =SUM(E48:P48) -> 36 | R48: =IF($Q$183>0,Q48/$Q$183,0) -> 0.010866284
A49: ='Task Breakdown'!A43 -> PS-1.05.05 | B49: ='Task Breakdown'!G43 -> Configure rate limiting, quotas, routing and request validation policies | E49: ='Task Breakdown'!I43 -> 0 | F49: ='Task Breakdown'!J43 -> 10 | G49: ='Task Breakdown'!K43 -> 26 | H49: ='Task Breakdown'!L43 -> 0 | I49: ='Task Breakdown'!M43 -> 0 | J49: ='Task Breakdown'!N43 -> 0 | K49: ='Task Breakdown'!O43 -> 0 | L49: ='Task Breakdown'!P43 -> 0 | ... P49: ='Task Breakdown'!T43 -> 0 | Q49: =SUM(E49:P49) -> 36 | R49: =IF($Q$183>0,Q49/$Q$183,0) -> 0.010866284
A50: ='Task Breakdown'!A44 -> PS-1.05.06 | B50: ='Task Breakdown'!G44 -> Test routing, throttling and authentication failure paths | E50: ='Task Breakdown'!I44 -> 0 | F50: ='Task Breakdown'!J44 -> 0 | G50: ='Task Breakdown'!K44 -> 0 | H50: ='Task Breakdown'!L44 -> 0 | I50: ='Task Breakdown'!M44 -> 0 | J50: ='Task Breakdown'!N44 -> 0 | K50: ='Task Breakdown'!O44 -> 0 | L50: ='Task Breakdown'!P44 -> 0 | ... P50: ='Task Breakdown'!T44 -> 0 | Q50: =SUM(E50:P50) -> 20 | R50: =IF($Q$183>0,Q50/$Q$183,0) -> 0.0060368246
A51: ='Task Breakdown'!A45 -> PS-1.05.07 | B51: ='Task Breakdown'!G45 -> Detailed design and design review | E51: ='Task Breakdown'!I45 -> 0 | F51: ='Task Breakdown'!J45 -> 10 | G51: ='Task Breakdown'!K45 -> 0 | H51: ='Task Breakdown'!L45 -> 0 | I51: ='Task Breakdown'!M45 -> 0 | J51: ='Task Breakdown'!N45 -> 0 | K51: ='Task Breakdown'!O45 -> 0 | L51: ='Task Breakdown'!P45 -> 0 | ... P51: ='Task Breakdown'!T45 -> 0 | Q51: =SUM(E51:P51) -> 10 | R51: =IF($Q$183>0,Q51/$Q$183,0) -> 0.0030184123
A52: ='Task Breakdown'!A46 -> PS-1.05.08 | B52: ='Task Breakdown'!G46 -> Promote through dev / test / prod and release | E52: ='Task Breakdown'!I46 -> 0 | F52: ='Task Breakdown'!J46 -> 0 | G52: ='Task Breakdown'!K46 -> 7 | H52: ='Task Breakdown'!L46 -> 0 | I52: ='Task Breakdown'!M46 -> 0 | J52: ='Task Breakdown'!N46 -> 0 | K52: ='Task Breakdown'!O46 -> 0 | L52: ='Task Breakdown'!P46 -> 0 | ... P52: ='Task Breakdown'!T46 -> 0 | Q52: =SUM(E52:P52) -> 7 | R52: =IF($Q$183>0,Q52/$Q$183,0) -> 0.0021128886
A53: ='Task Breakdown'!A47 -> PS-1.05.09 | B53: ='Task Breakdown'!G47 -> Documentation, runbook and knowledge transfer | E53: ='Task Breakdown'!I47 -> 0 | F53: ='Task Breakdown'!J47 -> 0 | G53: ='Task Breakdown'!K47 -> 7 | H53: ='Task Breakdown'!L47 -> 0 | I53: ='Task Breakdown'!M47 -> 0 | J53: ='Task Breakdown'!N47 -> 0 | K53: ='Task Breakdown'!O47 -> 0 | L53: ='Task Breakdown'!P47 -> 0 | ... P53: ='Task Breakdown'!T47 -> 0 | Q53: =SUM(E53:P53) -> 7 | R53: =IF($Q$183>0,Q53/$Q$183,0) -> 0.0021128886
A54: ='Task Breakdown'!A48 -> PS-1.05.10 | B54: ='Task Breakdown'!G48 -> Defect fixing and rework after testing | E54: ='Task Breakdown'!I48 -> 0 | F54: ='Task Breakdown'!J48 -> 0 | G54: ='Task Breakdown'!K48 -> 14 | H54: ='Task Breakdown'!L48 -> 0 | I54: ='Task Breakdown'!M48 -> 0 | J54: ='Task Breakdown'!N48 -> 0 | K54: ='Task Breakdown'!O48 -> 0 | L54: ='Task Breakdown'!P48 -> 0 | ... P54: ='Task Breakdown'!T48 -> 0 | Q54: =SUM(E54:P54) -> 14 | R54: =IF($Q$183>0,Q54/$Q$183,0) -> 0.0042257772
A55: PS-1.06 | B55: Terraform / Bicep IaC, GitHub Actions CI/CD | C55: Platform Engineering | D55: IaC modules and pipelines | E55: =SUM(E56:E66) -> 0 | F55: =SUM(F56:F66) -> 35 | G55: =SUM(G56:G66) -> 244 | H55: =SUM(H56:H66) -> 0 | I55: =SUM(I56:I66) -> 0 | J55: =SUM(J56:J66) -> 0 | K55: =SUM(K56:K66) -> 0 | L55: =SUM(L56:L66) -> 0 | ... Q55: =SUM(Q56:Q66) -> 299 | R55: =IF($Q$183>0,Q55/$Q$183,0) -> 0.090250528
A56: ='Task Breakdown'!A49 -> PS-1.06.01 | B56: ='Task Breakdown'!G49 -> Choose IaC standard, repository structure and module conventions | E56: ='Task Breakdown'!I49 -> 0 | F56: ='Task Breakdown'!J49 -> 15 | G56: ='Task Breakdown'!K49 -> 10 | H56: ='Task Breakdown'!L49 -> 0 | I56: ='Task Breakdown'!M49 -> 0 | J56: ='Task Breakdown'!N49 -> 0 | K56: ='Task Breakdown'!O49 -> 0 | L56: ='Task Breakdown'!P49 -> 0 | ... P56: ='Task Breakdown'!T49 -> 0 | Q56: =SUM(E56:P56) -> 25 | R56: =IF($Q$183>0,Q56/$Q$183,0) -> 0.0075460308
A57: ='Task Breakdown'!A50 -> PS-1.06.02 | B57: ='Task Breakdown'!G50 -> Set up remote state, environments and workload identity for pipelines | E57: ='Task Breakdown'!I50 -> 0 | F57: ='Task Breakdown'!J50 -> 0 | G57: ='Task Breakdown'!K50 -> 26 | H57: ='Task Breakdown'!L50 -> 0 | I57: ='Task Breakdown'!M50 -> 0 | J57: ='Task Breakdown'!N50 -> 0 | K57: ='Task Breakdown'!O50 -> 0 | L57: ='Task Breakdown'!P50 -> 0 | ... P57: ='Task Breakdown'!T50 -> 0 | Q57: =SUM(E57:P57) -> 26 | R57: =IF($Q$183>0,Q57/$Q$183,0) -> 0.007847872
A58: ='Task Breakdown'!A51 -> PS-1.06.03 | B58: ='Task Breakdown'!G51 -> Build reusable modules: network, storage, Key Vault, APIM, AKS, AI services | E58: ='Task Breakdown'!I51 -> 0 | F58: ='Task Breakdown'!J51 -> 0 | G58: ='Task Breakdown'!K51 -> 81 | H58: ='Task Breakdown'!L51 -> 0 | I58: ='Task Breakdown'!M51 -> 0 | J58: ='Task Breakdown'!N51 -> 0 | K58: ='Task Breakdown'!O51 -> 0 | L58: ='Task Breakdown'!P51 -> 0 | ... P58: ='Task Breakdown'!T51 -> 0 | Q58: =SUM(E58:P58) -> 81 | R58: =IF($Q$183>0,Q58/$Q$183,0) -> 0.02444914
A59: ='Task Breakdown'!A52 -> PS-1.06.04 | B59: ='Task Breakdown'!G52 -> Build GitHub Actions pipelines: plan, approval gates, apply | E59: ='Task Breakdown'!I52 -> 0 | F59: ='Task Breakdown'!J52 -> 0 | G59: ='Task Breakdown'!K52 -> 41 | H59: ='Task Breakdown'!L52 -> 0 | I59: ='Task Breakdown'!M52 -> 0 | J59: ='Task Breakdown'!N52 -> 0 | K59: ='Task Breakdown'!O52 -> 0 | L59: ='Task Breakdown'!P52 -> 0 | ... P59: ='Task Breakdown'!T52 -> 0 | Q59: =SUM(E59:P59) -> 41 | R59: =IF($Q$183>0,Q59/$Q$183,0) -> 0.01237549
A60: ='Task Breakdown'!A53 -> PS-1.06.05 | B60: ='Task Breakdown'!G53 -> Add policy-as-code and security scanning (tfsec / Checkov) | E60: ='Task Breakdown'!I53 -> 0 | F60: ='Task Breakdown'!J53 -> 5 | G60: ='Task Breakdown'!K53 -> 20 | H60: ='Task Breakdown'!L53 -> 0 | I60: ='Task Breakdown'!M53 -> 0 | J60: ='Task Breakdown'!N53 -> 0 | K60: ='Task Breakdown'!O53 -> 0 | L60: ='Task Breakdown'!P53 -> 0 | ... P60: ='Task Breakdown'!T53 -> 0 | Q60: =SUM(E60:P60) -> 25 | R60: =IF($Q$183>0,Q60/$Q$183,0) -> 0.0075460308
A61: ='Task Breakdown'!A54 -> PS-1.06.06 | B61: ='Task Breakdown'!G54 -> Build application CI/CD templates (build, test, container push, deploy) | E61: ='Task Breakdown'!I54 -> 0 | F61: ='Task Breakdown'!J54 -> 0 | G61: ='Task Breakdown'!K54 -> 26 | H61: ='Task Breakdown'!L54 -> 0 | I61: ='Task Breakdown'!M54 -> 0 | J61: ='Task Breakdown'!N54 -> 0 | K61: ='Task Breakdown'!O54 -> 0 | L61: ='Task Breakdown'!P54 -> 0 | ... P61: ='Task Breakdown'!T54 -> 0 | Q61: =SUM(E61:P61) -> 26 | R61: =IF($Q$183>0,Q61/$Q$183,0) -> 0.007847872
A62: ='Task Breakdown'!A55 -> PS-1.06.07 | B62: ='Task Breakdown'!G55 -> Test pipelines end to end in non-prod | E62: ='Task Breakdown'!I55 -> 0 | F62: ='Task Breakdown'!J55 -> 0 | G62: ='Task Breakdown'!K55 -> 0 | H62: ='Task Breakdown'!L55 -> 0 | I62: ='Task Breakdown'!M55 -> 0 | J62: ='Task Breakdown'!N55 -> 0 | K62: ='Task Breakdown'!O55 -> 0 | L62: ='Task Breakdown'!P55 -> 0 | ... P62: ='Task Breakdown'!T55 -> 0 | Q62: =SUM(E62:P62) -> 20 | R62: =IF($Q$183>0,Q62/$Q$183,0) -> 0.0060368246
A63: ='Task Breakdown'!A56 -> PS-1.06.08 | B63: ='Task Breakdown'!G56 -> Detailed design and design review | E63: ='Task Breakdown'!I56 -> 0 | F63: ='Task Breakdown'!J56 -> 15 | G63: ='Task Breakdown'!K56 -> 0 | H63: ='Task Breakdown'!L56 -> 0 | I63: ='Task Breakdown'!M56 -> 0 | J63: ='Task Breakdown'!N56 -> 0 | K63: ='Task Breakdown'!O56 -> 0 | L63: ='Task Breakdown'!P56 -> 0 | ... P63: ='Task Breakdown'!T56 -> 0 | Q63: =SUM(E63:P63) -> 15 | R63: =IF($Q$183>0,Q63/$Q$183,0) -> 0.0045276185
A64: ='Task Breakdown'!A57 -> PS-1.06.09 | B64: ='Task Breakdown'!G57 -> Promote through dev / test / prod and release | E64: ='Task Breakdown'!I57 -> 0 | F64: ='Task Breakdown'!J57 -> 0 | G64: ='Task Breakdown'!K57 -> 10 | H64: ='Task Breakdown'!L57 -> 0 | I64: ='Task Breakdown'!M57 -> 0 | J64: ='Task Breakdown'!N57 -> 0 | K64: ='Task Breakdown'!O57 -> 0 | L64: ='Task Breakdown'!P57 -> 0 | ... P64: ='Task Breakdown'!T57 -> 0 | Q64: =SUM(E64:P64) -> 10 | R64: =IF($Q$183>0,Q64/$Q$183,0) -> 0.0030184123
A65: ='Task Breakdown'!A58 -> PS-1.06.10 | B65: ='Task Breakdown'!G58 -> Documentation, runbook and knowledge transfer | E65: ='Task Breakdown'!I58 -> 0 | F65: ='Task Breakdown'!J58 -> 0 | G65: ='Task Breakdown'!K58 -> 10 | H65: ='Task Breakdown'!L58 -> 0 | I65: ='Task Breakdown'!M58 -> 0 | J65: ='Task Breakdown'!N58 -> 0 | K65: ='Task Breakdown'!O58 -> 0 | L65: ='Task Breakdown'!P58 -> 0 | ... P65: ='Task Breakdown'!T58 -> 0 | Q65: =SUM(E65:P65) -> 10 | R65: =IF($Q$183>0,Q65/$Q$183,0) -> 0.0030184123
A66: ='Task Breakdown'!A59 -> PS-1.06.11 | B66: ='Task Breakdown'!G59 -> Defect fixing and rework after testing | E66: ='Task Breakdown'!I59 -> 0 | F66: ='Task Breakdown'!J59 -> 0 | G66: ='Task Breakdown'!K59 -> 20 | H66: ='Task Breakdown'!L59 -> 0 | I66: ='Task Breakdown'!M59 -> 0 | J66: ='Task Breakdown'!N59 -> 0 | K66: ='Task Breakdown'!O59 -> 0 | L66: ='Task Breakdown'!P59 -> 0 | ... P66: ='Task Breakdown'!T59 -> 0 | Q66: =SUM(E66:P66) -> 20 | R66: =IF($Q$183>0,Q66/$Q$183,0) -> 0.0060368246
A67: PS-1.07 | B67: ACR, AKS and Container Apps | C67: Platform Engineering | D67: Container hosting platform | E67: =SUM(E68:E78) -> 0 | F67: =SUM(F68:F78) -> 31 | G67: =SUM(G68:G78) -> 171 | H67: =SUM(H68:H78) -> 20 | I67: =SUM(I68:I78) -> 0 | J67: =SUM(J68:J78) -> 0 | K67: =SUM(K68:K78) -> 0 | L67: =SUM(L68:L78) -> 0 | ... Q67: =SUM(Q68:Q78) -> 222 | R67: =IF($Q$183>0,Q67/$Q$183,0) -> 0.067008753
A68: ='Task Breakdown'!A60 -> PS-1.07.01 | B68: ='Task Breakdown'!G60 -> Decide hosting model per workload (AKS, Container Apps, Functions) | E68: ='Task Breakdown'!I60 -> 0 | F68: ='Task Breakdown'!J60 -> 15 | G68: ='Task Breakdown'!K60 -> 0 | H68: ='Task Breakdown'!L60 -> 0 | I68: ='Task Breakdown'!M60 -> 0 | J68: ='Task Breakdown'!N60 -> 0 | K68: ='Task Breakdown'!O60 -> 0 | L68: ='Task Breakdown'!P60 -> 0 | ... P68: ='Task Breakdown'!T60 -> 0 | Q68: =SUM(E68:P68) -> 15 | R68: =IF($Q$183>0,Q68/$Q$183,0) -> 0.0045276185
A69: ='Task Breakdown'!A61 -> PS-1.07.02 | B69: ='Task Breakdown'!G61 -> Deploy Azure Container Registry with private endpoint and image scanning | E69: ='Task Breakdown'!I61 -> 0 | F69: ='Task Breakdown'!J61 -> 0 | G69: ='Task Breakdown'!K61 -> 15 | H69: ='Task Breakdown'!L61 -> 5 | I69: ='Task Breakdown'!M61 -> 0 | J69: ='Task Breakdown'!N61 -> 0 | K69: ='Task Breakdown'!O61 -> 0 | L69: ='Task Breakdown'!P61 -> 0 | ... P69: ='Task Breakdown'!T61 -> 0 | Q69: =SUM(E69:P69) -> 20 | R69: =IF($Q$183>0,Q69/$Q$183,0) -> 0.0060368246
A70: ='Task Breakdown'!A62 -> PS-1.07.03 | B70: ='Task Breakdown'!G62 -> Deploy AKS cluster: node pools, autoscaling, workload identity | E70: ='Task Breakdown'!I62 -> 0 | F70: ='Task Breakdown'!J62 -> 0 | G70: ='Task Breakdown'!K62 -> 51 | H70: ='Task Breakdown'!L62 -> 0 | I70: ='Task Breakdown'!M62 -> 0 | J70: ='Task Breakdown'!N62 -> 0 | K70: ='Task Breakdown'!O62 -> 0 | L70: ='Task Breakdown'!P62 -> 0 | ... P70: ='Task Breakdown'!T62 -> 0 | Q70: =SUM(E70:P70) -> 51 | R70: =IF($Q$183>0,Q70/$Q$183,0) -> 0.015393903
A71: ='Task Breakdown'!A63 -> PS-1.07.04 | B71: ='Task Breakdown'!G63 -> Install ingress controller, cert-manager and Key Vault CSI driver | E71: ='Task Breakdown'!I63 -> 0 | F71: ='Task Breakdown'!J63 -> 0 | G71: ='Task Breakdown'!K63 -> 26 | H71: ='Task Breakdown'!L63 -> 0 | I71: ='Task Breakdown'!M63 -> 0 | J71: ='Task Breakdown'!N63 -> 0 | K71: ='Task Breakdown'!O63 -> 0 | L71: ='Task Breakdown'!P63 -> 0 | ... P71: ='Task Breakdown'!T63 -> 0 | Q71: =SUM(E71:P71) -> 26 | R71: =IF($Q$183>0,Q71/$Q$183,0) -> 0.007847872
A72: ='Task Breakdown'!A64 -> PS-1.07.05 | B72: ='Task Breakdown'!G64 -> Deploy Container Apps environment inside the VNet | E72: ='Task Breakdown'!I64 -> 0 | F72: ='Task Breakdown'!J64 -> 0 | G72: ='Task Breakdown'!K64 -> 20 | H72: ='Task Breakdown'!L64 -> 0 | I72: ='Task Breakdown'!M64 -> 0 | J72: ='Task Breakdown'!N64 -> 0 | K72: ='Task Breakdown'!O64 -> 0 | L72: ='Task Breakdown'!P64 -> 0 | ... P72: ='Task Breakdown'!T64 -> 0 | Q72: =SUM(E72:P72) -> 20 | R72: =IF($Q$183>0,Q72/$Q$183,0) -> 0.0060368246
A73: ='Task Breakdown'!A65 -> PS-1.07.06 | B73: ='Task Breakdown'!G65 -> Apply pod security, network policies and Defender for Containers | E73: ='Task Breakdown'!I65 -> 0 | F73: ='Task Breakdown'!J65 -> 0 | G73: ='Task Breakdown'!K65 -> 10 | H73: ='Task Breakdown'!L65 -> 15 | I73: ='Task Breakdown'!M65 -> 0 | J73: ='Task Breakdown'!N65 -> 0 | K73: ='Task Breakdown'!O65 -> 0 | L73: ='Task Breakdown'!P65 -> 0 | ... P73: ='Task Breakdown'!T65 -> 0 | Q73: =SUM(E73:P73) -> 25 | R73: =IF($Q$183>0,Q73/$Q$183,0) -> 0.0075460308
A74: ='Task Breakdown'!A66 -> PS-1.07.07 | B74: ='Task Breakdown'!G66 -> Set up GPU node pool for self-hosted models | E74: ='Task Breakdown'!I66 -> 0 | F74: ='Task Breakdown'!J66 -> 5 | G74: ='Task Breakdown'!K66 -> 20 | H74: ='Task Breakdown'!L66 -> 0 | I74: ='Task Breakdown'!M66 -> 0 | J74: ='Task Breakdown'!N66 -> 0 | K74: ='Task Breakdown'!O66 -> 0 | L74: ='Task Breakdown'!P66 -> 0 | ... P74: ='Task Breakdown'!T66 -> 0 | Q74: =SUM(E74:P74) -> 25 | R74: =IF($Q$183>0,Q74/$Q$183,0) -> 0.0075460308
A75: ='Task Breakdown'!A67 -> PS-1.07.08 | B75: ='Task Breakdown'!G67 -> Detailed design and design review | E75: ='Task Breakdown'!I67 -> 0 | F75: ='Task Breakdown'!J67 -> 11 | G75: ='Task Breakdown'!K67 -> 0 | H75: ='Task Breakdown'!L67 -> 0 | I75: ='Task Breakdown'!M67 -> 0 | J75: ='Task Breakdown'!N67 -> 0 | K75: ='Task Breakdown'!O67 -> 0 | L75: ='Task Breakdown'!P67 -> 0 | ... P75: ='Task Breakdown'!T67 -> 0 | Q75: =SUM(E75:P75) -> 11 | R75: =IF($Q$183>0,Q75/$Q$183,0) -> 0.0033202535
A76: ='Task Breakdown'!A68 -> PS-1.07.09 | B76: ='Task Breakdown'!G68 -> Promote through dev / test / prod and release | E76: ='Task Breakdown'!I68 -> 0 | F76: ='Task Breakdown'!J68 -> 0 | G76: ='Task Breakdown'!K68 -> 7 | H76: ='Task Breakdown'!L68 -> 0 | I76: ='Task Breakdown'!M68 -> 0 | J76: ='Task Breakdown'!N68 -> 0 | K76: ='Task Breakdown'!O68 -> 0 | L76: ='Task Breakdown'!P68 -> 0 | ... P76: ='Task Breakdown'!T68 -> 0 | Q76: =SUM(E76:P76) -> 7 | R76: =IF($Q$183>0,Q76/$Q$183,0) -> 0.0021128886
A77: ='Task Breakdown'!A69 -> PS-1.07.10 | B77: ='Task Breakdown'!G69 -> Documentation, runbook and knowledge transfer | E77: ='Task Breakdown'!I69 -> 0 | F77: ='Task Breakdown'!J69 -> 0 | G77: ='Task Breakdown'!K69 -> 7 | H77: ='Task Breakdown'!L69 -> 0 | I77: ='Task Breakdown'!M69 -> 0 | J77: ='Task Breakdown'!N69 -> 0 | K77: ='Task Breakdown'!O69 -> 0 | L77: ='Task Breakdown'!P69 -> 0 | ... P77: ='Task Breakdown'!T69 -> 0 | Q77: =SUM(E77:P77) -> 7 | R77: =IF($Q$183>0,Q77/$Q$183,0) -> 0.0021128886
A78: ='Task Breakdown'!A70 -> PS-1.07.11 | B78: ='Task Breakdown'!G70 -> Defect fixing and rework after testing | E78: ='Task Breakdown'!I70 -> 0 | F78: ='Task Breakdown'!J70 -> 0 | G78: ='Task Breakdown'!K70 -> 15 | H78: ='Task Breakdown'!L70 -> 0 | I78: ='Task Breakdown'!M70 -> 0 | J78: ='Task Breakdown'!N70 -> 0 | K78: ='Task Breakdown'!O70 -> 0 | L78: ='Task Breakdown'!P70 -> 0 | ... P78: ='Task Breakdown'!T70 -> 0 | Q78: =SUM(E78:P78) -> 15 | R78: =IF($Q$183>0,Q78/$Q$183,0) -> 0.0045276185
B79: Subtotal: AI Platform Setup | E79: =E6+E19+E28+E36+E44+E55+E67 -> 0 | F79: =F6+F19+F28+F36+F44+F55+F67 -> 239 | G79: =G6+G19+G28+G36+G44+G55+G67 -> 791 | H79: =H6+H19+H28+H36+H44+H55+H67 -> 306 | I79: =I6+I19+I28+I36+I44+I55+I67 -> 0 | J79: =J6+J19+J28+J36+J44+J55+J67 -> 0 | K79: =K6+K19+K28+K36+K44+K55+K67 -> 0 | L79: =L6+L19+L28+L36+L44+L55+L67 -> 0 | ... Q79: =Q6+Q19+Q28+Q36+Q44+Q55+Q67 -> 1432 | R79: =IF($Q$183>0,Q79/$Q$183,0) -> 0.43223664
A81: AI Data Readiness: Assess
A82: DR-1.01 | B82: Inventory sources: SAP S/4HANA, MES, AVEVA PI, SharePoint, Coupa | C82: AI Data Lake | D82: Source system inventory | E82: =SUM(E83:E88) -> 0 | F82: =SUM(F83:F88) -> 0 | G82: =SUM(G83:G88) -> 0 | H82: =SUM(H83:H88) -> 0 | I82: =SUM(I83:I88) -> 0 | J82: =SUM(J83:J88) -> 0 | K82: =SUM(K83:K88) -> 49 | L82: =SUM(L83:L88) -> 87 | ... Q82: =SUM(Q83:Q88) -> 218 | R82: =IF($Q$183>0,Q82/$Q$183,0) -> 0.065801388
A83: ='Task Breakdown'!A258 -> DR-1.01.01 | B83: ='Task Breakdown'!G258 -> Run workshops with SAP, MES, AVEVA PI, SharePoint and Coupa owners | E83: ='Task Breakdown'!I258 -> 0 | F83: ='Task Breakdown'!J258 -> 0 | G83: ='Task Breakdown'!K258 -> 0 | H83: ='Task Breakdown'!L258 -> 0 | I83: ='Task Breakdown'!M258 -> 0 | J83: ='Task Breakdown'!N258 -> 0 | K83: ='Task Breakdown'!O258 -> 0 | L83: ='Task Breakdown'!P258 -> 25 | ... P83: ='Task Breakdown'!T258 -> 0 | Q83: =SUM(E83:P83) -> 74 | R83: =IF($Q$183>0,Q83/$Q$183,0) -> 0.022336251
A84: ='Task Breakdown'!A259 -> DR-1.01.02 | B84: ='Task Breakdown'!G259 -> Document systems, tables, volumes, refresh rates and access methods | E84: ='Task Breakdown'!I259 -> 0 | F84: ='Task Breakdown'!J259 -> 0 | G84: ='Task Breakdown'!K259 -> 0 | H84: ='Task Breakdown'!L259 -> 0 | I84: ='Task Breakdown'!M259 -> 0 | J84: ='Task Breakdown'!N259 -> 0 | K84: ='Task Breakdown'!O259 -> 37 | L84: ='Task Breakdown'!P259 -> 25 | ... P84: ='Task Breakdown'!T259 -> 0 | Q84: =SUM(E84:P84) -> 62 | R84: =IF($Q$183>0,Q84/$Q$183,0) -> 0.018714156
A85: ='Task Breakdown'!A260 -> DR-1.01.03 | B85: ='Task Breakdown'!G260 -> Identify document repositories (specs, SOPs, quality records) | E85: ='Task Breakdown'!I260 -> 0 | F85: ='Task Breakdown'!J260 -> 0 | G85: ='Task Breakdown'!K260 -> 0 | H85: ='Task Breakdown'!L260 -> 0 | I85: ='Task Breakdown'!M260 -> 0 | J85: ='Task Breakdown'!N260 -> 0 | K85: ='Task Breakdown'!O260 -> 12 | L85: ='Task Breakdown'!P260 -> 0 | ... P85: ='Task Breakdown'!T260 -> 0 | Q85: =SUM(E85:P85) -> 37 | R85: =IF($Q$183>0,Q85/$Q$183,0) -> 0.011168126
A86: ='Task Breakdown'!A261 -> DR-1.01.04 | B86: ='Task Breakdown'!G261 -> Build the data source register | E86: ='Task Breakdown'!I261 -> 0 | F86: ='Task Breakdown'!J261 -> 0 | G86: ='Task Breakdown'!K261 -> 0 | H86: ='Task Breakdown'!L261 -> 0 | I86: ='Task Breakdown'!M261 -> 0 | J86: ='Task Breakdown'!N261 -> 0 | K86: ='Task Breakdown'!O261 -> 0 | L86: ='Task Breakdown'!P261 -> 25 | ... P86: ='Task Breakdown'!T261 -> 0 | Q86: =SUM(E86:P86) -> 25 | R86: =IF($Q$183>0,Q86/$Q$183,0) -> 0.0075460308
A87: ='Task Breakdown'!A262 -> DR-1.01.05 | B87: ='Task Breakdown'!G262 -> Detailed design and design review | E87: ='Task Breakdown'!I262 -> 0 | F87: ='Task Breakdown'!J262 -> 0 | G87: ='Task Breakdown'!K262 -> 0 | H87: ='Task Breakdown'!L262 -> 0 | I87: ='Task Breakdown'!M262 -> 0 | J87: ='Task Breakdown'!N262 -> 0 | K87: ='Task Breakdown'!O262 -> 0 | L87: ='Task Breakdown'!P262 -> 12 | ... P87: ='Task Breakdown'!T262 -> 0 | Q87: =SUM(E87:P87) -> 12 | R87: =IF($Q$183>0,Q87/$Q$183,0) -> 0.0036220948
A88: ='Task Breakdown'!A263 -> DR-1.01.06 | B88: ='Task Breakdown'!G263 -> Documentation, runbook and knowledge transfer | E88: ='Task Breakdown'!I263 -> 0 | F88: ='Task Breakdown'!J263 -> 0 | G88: ='Task Breakdown'!K263 -> 0 | H88: ='Task Breakdown'!L263 -> 0 | I88: ='Task Breakdown'!M263 -> 0 | J88: ='Task Breakdown'!N263 -> 0 | K88: ='Task Breakdown'!O263 -> 0 | L88: ='Task Breakdown'!P263 -> 0 | ... P88: ='Task Breakdown'!T263 -> 0 | Q88: =SUM(E88:P88) -> 8 | R88: =IF($Q$183>0,Q88/$Q$183,0) -> 0.0024147299
A89: DR-1.02 | B89: Classify data and tag PII | C89: AI Data Lake | D89: Data classification and PII tags | E89: =SUM(E90:E96) -> 0 | F89: =SUM(F90:F96) -> 0 | G89: =SUM(G90:G96) -> 0 | H89: =SUM(H90:H96) -> 40 | I89: =SUM(I90:I96) -> 0 | J89: =SUM(J90:J96) -> 0 | K89: =SUM(K90:K96) -> 20 | L89: =SUM(L90:L96) -> 96 | ... Q89: =SUM(Q90:Q96) -> 156 | R89: =IF($Q$183>0,Q89/$Q$183,0) -> 0.047087232
A90: ='Task Breakdown'!A264 -> DR-1.02.01 | B90: ='Task Breakdown'!G264 -> Define classification scheme (public, internal, confidential, restricted) | E90: ='Task Breakdown'!I264 -> 0 | F90: ='Task Breakdown'!J264 -> 0 | G90: ='Task Breakdown'!K264 -> 0 | H90: ='Task Breakdown'!L264 -> 10 | I90: ='Task Breakdown'!M264 -> 0 | J90: ='Task Breakdown'!N264 -> 0 | K90: ='Task Breakdown'!O264 -> 0 | L90: ='Task Breakdown'!P264 -> 20 | ... P90: ='Task Breakdown'!T264 -> 0 | Q90: =SUM(E90:P90) -> 30 | R90: =IF($Q$183>0,Q90/$Q$183,0) -> 0.0090552369
A91: ='Task Breakdown'!A265 -> DR-1.02.02 | B91: ='Task Breakdown'!G265 -> Run Purview automated classification scans | E91: ='Task Breakdown'!I265 -> 0 | F91: ='Task Breakdown'!J265 -> 0 | G91: ='Task Breakdown'!K265 -> 0 | H91: ='Task Breakdown'!L265 -> 0 | I91: ='Task Breakdown'!M265 -> 0 | J91: ='Task Breakdown'!N265 -> 0 | K91: ='Task Breakdown'!O265 -> 10 | L91: ='Task Breakdown'!P265 -> 20 | ... P91: ='Task Breakdown'!T265 -> 0 | Q91: =SUM(E91:P91) -> 30 | R91: =IF($Q$183>0,Q91/$Q$183,0) -> 0.0090552369
A92: ='Task Breakdown'!A266 -> DR-1.02.03 | B92: ='Task Breakdown'!G266 -> Review results and tag PII / sensitive columns | E92: ='Task Breakdown'!I266 -> 0 | F92: ='Task Breakdown'!J266 -> 0 | G92: ='Task Breakdown'!K266 -> 0 | H92: ='Task Breakdown'!L266 -> 0 | I92: ='Task Breakdown'!M266 -> 0 | J92: ='Task Breakdown'!N266 -> 0 | K92: ='Task Breakdown'!O266 -> 10 | L92: ='Task Breakdown'!P266 -> 31 | ... P92: ='Task Breakdown'!T266 -> 0 | Q92: =SUM(E92:P92) -> 41 | R92: =IF($Q$183>0,Q92/$Q$183,0) -> 0.01237549
A93: ='Task Breakdown'!A267 -> DR-1.02.04 | B93: ='Task Breakdown'!G267 -> Define handling rules per class for AI use | E93: ='Task Breakdown'!I267 -> 0 | F93: ='Task Breakdown'!J267 -> 0 | G93: ='Task Breakdown'!K267 -> 0 | H93: ='Task Breakdown'!L267 -> 20 | I93: ='Task Breakdown'!M267 -> 0 | J93: ='Task Breakdown'!N267 -> 0 | K93: ='Task Breakdown'!O267 -> 0 | L93: ='Task Breakdown'!P267 -> 10 | ... P93: ='Task Breakdown'!T267 -> 0 | Q93: =SUM(E93:P93) -> 30 | R93: =IF($Q$183>0,Q93/$Q$183,0) -> 0.0090552369
A94: ='Task Breakdown'!A268 -> DR-1.02.05 | B94: ='Task Breakdown'!G268 -> Apply sensitivity labels to documents | E94: ='Task Breakdown'!I268 -> 0 | F94: ='Task Breakdown'!J268 -> 0 | G94: ='Task Breakdown'!K268 -> 0 | H94: ='Task Breakdown'!L268 -> 10 | I94: ='Task Breakdown'!M268 -> 0 | J94: ='Task Breakdown'!N268 -> 0 | K94: ='Task Breakdown'!O268 -> 0 | L94: ='Task Breakdown'!P268 -> 0 | ... P94: ='Task Breakdown'!T268 -> 0 | Q94: =SUM(E94:P94) -> 10 | R94: =IF($Q$183>0,Q94/$Q$183,0) -> 0.0030184123
A95: ='Task Breakdown'!A269 -> DR-1.02.06 | B95: ='Task Breakdown'!G269 -> Detailed design and design review | E95: ='Task Breakdown'!I269 -> 0 | F95: ='Task Breakdown'!J269 -> 0 | G95: ='Task Breakdown'!K269 -> 0 | H95: ='Task Breakdown'!L269 -> 0 | I95: ='Task Breakdown'!M269 -> 0 | J95: ='Task Breakdown'!N269 -> 0 | K95: ='Task Breakdown'!O269 -> 0 | L95: ='Task Breakdown'!P269 -> 9 | ... P95: ='Task Breakdown'!T269 -> 0 | Q95: =SUM(E95:P95) -> 9 | R95: =IF($Q$183>0,Q95/$Q$183,0) -> 0.0027165711
A96: ='Task Breakdown'!A270 -> DR-1.02.07 | B96: ='Task Breakdown'!G270 -> Documentation, runbook and knowledge transfer | E96: ='Task Breakdown'!I270 -> 0 | F96: ='Task Breakdown'!J270 -> 0 | G96: ='Task Breakdown'!K270 -> 0 | H96: ='Task Breakdown'!L270 -> 0 | I96: ='Task Breakdown'!M270 -> 0 | J96: ='Task Breakdown'!N270 -> 0 | K96: ='Task Breakdown'!O270 -> 0 | L96: ='Task Breakdown'!P270 -> 6 | ... P96: ='Task Breakdown'!T270 -> 0 | Q96: =SUM(E96:P96) -> 6 | R96: =IF($Q$183>0,Q96/$Q$183,0) -> 0.0018110474
A97: DR-1.03 | B97: Name data owners and stewards | C97: AI Data Lake | D97: Data ownership RACI | E97: =SUM(E98:E103) -> 16 | F97: =SUM(F98:F103) -> 0 | G97: =SUM(G98:G103) -> 0 | H97: =SUM(H98:H103) -> 0 | I97: =SUM(I98:I103) -> 0 | J97: =SUM(J98:J103) -> 0 | K97: =SUM(K98:K103) -> 0 | L97: =SUM(L98:L103) -> 29 | ... Q97: =SUM(Q98:Q103) -> 88 | R97: =IF($Q$183>0,Q97/$Q$183,0) -> 0.026562028
A98: ='Task Breakdown'!A271 -> DR-1.03.01 | B98: ='Task Breakdown'!G271 -> Identify owners per domain (production, quality, supply, finance) | E98: ='Task Breakdown'!I271 -> 8 | F98: ='Task Breakdown'!J271 -> 0 | G98: ='Task Breakdown'!K271 -> 0 | H98: ='Task Breakdown'!L271 -> 0 | I98: ='Task Breakdown'!M271 -> 0 | J98: ='Task Breakdown'!N271 -> 0 | K98: ='Task Breakdown'!O271 -> 0 | L98: ='Task Breakdown'!P271 -> 0 | ... P98: ='Task Breakdown'!T271 -> 0 | Q98: =SUM(E98:P98) -> 20 | R98: =IF($Q$183>0,Q98/$Q$183,0) -> 0.0060368246
A99: ='Task Breakdown'!A272 -> DR-1.03.02 | B99: ='Task Breakdown'!G272 -> Define steward responsibilities and RACI | E99: ='Task Breakdown'!I272 -> 0 | F99: ='Task Breakdown'!J272 -> 0 | G99: ='Task Breakdown'!K272 -> 0 | H99: ='Task Breakdown'!L272 -> 0 | I99: ='Task Breakdown'!M272 -> 0 | J99: ='Task Breakdown'!N272 -> 0 | K99: ='Task Breakdown'!O272 -> 0 | L99: ='Task Breakdown'!P272 -> 16 | ... P99: ='Task Breakdown'!T272 -> 0 | Q99: =SUM(E99:P99) -> 16 | R99: =IF($Q$183>0,Q99/$Q$183,0) -> 0.0048294597
A100: ='Task Breakdown'!A273 -> DR-1.03.03 | B100: ='Task Breakdown'!G273 -> Kick-off and training for stewards | E100: ='Task Breakdown'!I273 -> 0 | F100: ='Task Breakdown'!J273 -> 0 | G100: ='Task Breakdown'!K273 -> 0 | H100: ='Task Breakdown'!L273 -> 0 | I100: ='Task Breakdown'!M273 -> 0 | J100: ='Task Breakdown'!N273 -> 0 | K100: ='Task Breakdown'!O273 -> 0 | L100: ='Task Breakdown'!P273 -> 8 | ... P100: ='Task Breakdown'!T273 -> 16 | Q100: =SUM(E100:P100) -> 24 | R100: =IF($Q$183>0,Q100/$Q$183,0) -> 0.0072441896
A101: ='Task Breakdown'!A274 -> DR-1.03.04 | B101: ='Task Breakdown'!G274 -> Ownership sign-off | E101: ='Task Breakdown'!I274 -> 8 | F101: ='Task Breakdown'!J274 -> 0 | G101: ='Task Breakdown'!K274 -> 0 | H101: ='Task Breakdown'!L274 -> 0 | I101: ='Task Breakdown'!M274 -> 0 | J101: ='Task Breakdown'!N274 -> 0 | K101: ='Task Breakdown'!O274 -> 0 | L101: ='Task Breakdown'!P274 -> 0 | ... P101: ='Task Breakdown'!T274 -> 0 | Q101: =SUM(E101:P101) -> 20 | R101: =IF($Q$183>0,Q101/$Q$183,0) -> 0.0060368246
A102: ='Task Breakdown'!A275 -> DR-1.03.05 | B102: ='Task Breakdown'!G275 -> Detailed design and design review | E102: ='Task Breakdown'!I275 -> 0 | F102: ='Task Breakdown'!J275 -> 0 | G102: ='Task Breakdown'!K275 -> 0 | H102: ='Task Breakdown'!L275 -> 0 | I102: ='Task Breakdown'!M275 -> 0 | J102: ='Task Breakdown'!N275 -> 0 | K102: ='Task Breakdown'!O275 -> 0 | L102: ='Task Breakdown'!P275 -> 5 | ... P102: ='Task Breakdown'!T275 -> 0 | Q102: =SUM(E102:P102) -> 5 | R102: =IF($Q$183>0,Q102/$Q$183,0) -> 0.0015092062
...

Sheet Phase 2
A1: Phase 2: tasks and hours for each item (Core AI build / Prepare / Pilot)
A2: Bold rows are the slide items; the rows beneath are their implementation tasks (green = linked to Task Breakdown).
A4: ID | B4: Item / task | C4: Owner team | D4: Deliverable | E4: PM | F4: CA | G4: DO | H4: SE | I4: AIA | J4: AIE | K4: DE | L4: DG | M4: DEV | N4: BA | O4: QA | P4: CM | Q4: Total hours | R4: % of phase
A5: AI Platform Setup: Core AI build
A6: PS-2.01 | B6: AI Foundry hub and projects | C6: Foundry | D6: Foundry hub, projects, connections | E6: =SUM(E7:E16) -> 0 | F6: =SUM(F7:F16) -> 0 | G6: =SUM(G7:G16) -> 37 | H6: =SUM(H7:H16) -> 16 | I6: =SUM(I7:I16) -> 40 | J6: =SUM(J7:J16) -> 64 | K6: =SUM(K7:K16) -> 0 | L6: =SUM(L7:L16) -> 0 | ... Q6: =SUM(Q7:Q16) -> 157 | R6: =IF($Q$216>0,Q6/$Q$216,0) -> 0.024284609
A7: ='Task Breakdown'!A71 -> PS-2.01.01 | B7: ='Task Breakdown'!G71 -> Design Foundry hub and project structure per domain and environment | E7: ='Task Breakdown'!I71 -> 0 | F7: ='Task Breakdown'!J71 -> 0 | G7: ='Task Breakdown'!K71 -> 0 | H7: ='Task Breakdown'!L71 -> 0 | I7: ='Task Breakdown'!M71 -> 16 | J7: ='Task Breakdown'!N71 -> 0 | K7: ='Task Breakdown'!O71 -> 0 | L7: ='Task Breakdown'!P71 -> 0 | ... P7: ='Task Breakdown'!T71 -> 0 | Q7: =SUM(E7:P7) -> 16 | R7: =IF($Q$216>0,Q7/$Q$216,0) -> 0.0024748647
A8: ='Task Breakdown'!A72 -> PS-2.01.02 | B8: ='Task Breakdown'!G72 -> Deploy Foundry hub with managed VNet and private endpoints | E8: ='Task Breakdown'!I72 -> 0 | F8: ='Task Breakdown'!J72 -> 0 | G8: ='Task Breakdown'!K72 -> 20 | H8: ='Task Breakdown'!L72 -> 8 | I8: ='Task Breakdown'!M72 -> 0 | J8: ='Task Breakdown'!N72 -> 0 | K8: ='Task Breakdown'!O72 -> 0 | L8: ='Task Breakdown'!P72 -> 0 | ... P8: ='Task Breakdown'!T72 -> 0 | Q8: =SUM(E8:P8) -> 28 | R8: =IF($Q$216>0,Q8/$Q$216,0) -> 0.0043310131
A9: ='Task Breakdown'!A73 -> PS-2.01.03 | B9: ='Task Breakdown'!G73 -> Create projects and connect AI Search, Storage, Key Vault, App Insights | E9: ='Task Breakdown'!I73 -> 0 | F9: ='Task Breakdown'!J73 -> 0 | G9: ='Task Breakdown'!K73 -> 12 | H9: ='Task Breakdown'!L73 -> 0 | I9: ='Task Breakdown'!M73 -> 0 | J9: ='Task Breakdown'!N73 -> 20 | K9: ='Task Breakdown'!O73 -> 0 | L9: ='Task Breakdown'!P73 -> 0 | ... P9: ='Task Breakdown'!T73 -> 0 | Q9: =SUM(E9:P9) -> 32 | R9: =IF($Q$216>0,Q9/$Q$216,0) -> 0.0049497293
A10: ='Task Breakdown'!A74 -> PS-2.01.04 | B10: ='Task Breakdown'!G74 -> Deploy base chat and embedding models with capacity / PTU plan | E10: ='Task Breakdown'!I74 -> 0 | F10: ='Task Breakdown'!J74 -> 0 | G10: ='Task Breakdown'!K74 -> 0 | H10: ='Task Breakdown'!L74 -> 0 | I10: ='Task Breakdown'!M74 -> 8 | J10: ='Task Breakdown'!N74 -> 16 | K10: ='Task Breakdown'!O74 -> 0 | L10: ='Task Breakdown'!P74 -> 0 | ... P10: ='Task Breakdown'!T74 -> 0 | Q10: =SUM(E10:P10) -> 24 | R10: =IF($Q$216>0,Q10/$Q$216,0) -> 0.003712297
A11: ='Task Breakdown'!A75 -> PS-2.01.05 | B11: ='Task Breakdown'!G75 -> Set up project RBAC and developer access | E11: ='Task Breakdown'!I75 -> 0 | F11: ='Task Breakdown'!J75 -> 0 | G11: ='Task Breakdown'!K75 -> 0 | H11: ='Task Breakdown'!L75 -> 8 | I11: ='Task Breakdown'!M75 -> 4 | J11: ='Task Breakdown'!N75 -> 0 | K11: ='Task Breakdown'!O75 -> 0 | L11: ='Task Breakdown'!P75 -> 0 | ... P11: ='Task Breakdown'!T75 -> 0 | Q11: =SUM(E11:P11) -> 12 | R11: =IF($Q$216>0,Q11/$Q$216,0) -> 0.0018561485
A12: ='Task Breakdown'!A76 -> PS-2.01.06 | B12: ='Task Breakdown'!G76 -> Smoke-test model endpoints from the SDK | E12: ='Task Breakdown'!I76 -> 0 | F12: ='Task Breakdown'!J76 -> 0 | G12: ='Task Breakdown'!K76 -> 0 | H12: ='Task Breakdown'!L76 -> 0 | I12: ='Task Breakdown'!M76 -> 4 | J12: ='Task Breakdown'!N76 -> 12 | K12: ='Task Breakdown'!O76 -> 0 | L12: ='Task Breakdown'!P76 -> 0 | ... P12: ='Task Breakdown'!T76 -> 0 | Q12: =SUM(E12:P12) -> 16 | R12: =IF($Q$216>0,Q12/$Q$216,0) -> 0.0024748647
A13: ='Task Breakdown'!A77 -> PS-2.01.07 | B13: ='Task Breakdown'!G77 -> Detailed design and design review | E13: ='Task Breakdown'!I77 -> 0 | F13: ='Task Breakdown'!J77 -> 0 | G13: ='Task Breakdown'!K77 -> 0 | H13: ='Task Breakdown'!L77 -> 0 | I13: ='Task Breakdown'!M77 -> 8 | J13: ='Task Breakdown'!N77 -> 0 | K13: ='Task Breakdown'!O77 -> 0 | L13: ='Task Breakdown'!P77 -> 0 | ... P13: ='Task Breakdown'!T77 -> 0 | Q13: =SUM(E13:P13) -> 8 | R13: =IF($Q$216>0,Q13/$Q$216,0) -> 0.0012374323
A14: ='Task Breakdown'!A78 -> PS-2.01.08 | B14: ='Task Breakdown'!G78 -> Promote through dev / test / prod and release | E14: ='Task Breakdown'!I78 -> 0 | F14: ='Task Breakdown'!J78 -> 0 | G14: ='Task Breakdown'!K78 -> 5 | H14: ='Task Breakdown'!L78 -> 0 | I14: ='Task Breakdown'!M78 -> 0 | J14: ='Task Breakdown'!N78 -> 0 | K14: ='Task Breakdown'!O78 -> 0 | L14: ='Task Breakdown'!P78 -> 0 | ... P14: ='Task Breakdown'!T78 -> 0 | Q14: =SUM(E14:P14) -> 5 | R14: =IF($Q$216>0,Q14/$Q$216,0) -> 0.0007733952
A15: ='Task Breakdown'!A79 -> PS-2.01.09 | B15: ='Task Breakdown'!G79 -> Documentation, runbook and knowledge transfer | E15: ='Task Breakdown'!I79 -> 0 | F15: ='Task Breakdown'!J79 -> 0 | G15: ='Task Breakdown'!K79 -> 0 | H15: ='Task Breakdown'!L79 -> 0 | I15: ='Task Breakdown'!M79 -> 0 | J15: ='Task Breakdown'!N79 -> 5 | K15: ='Task Breakdown'!O79 -> 0 | L15: ='Task Breakdown'!P79 -> 0 | ... P15: ='Task Breakdown'!T79 -> 0 | Q15: =SUM(E15:P15) -> 5 | R15: =IF($Q$216>0,Q15/$Q$216,0) -> 0.0007733952
A16: ='Task Breakdown'!A80 -> PS-2.01.10 | B16: ='Task Breakdown'!G80 -> Defect fixing and rework after testing | E16: ='Task Breakdown'!I80 -> 0 | F16: ='Task Breakdown'!J80 -> 0 | G16: ='Task Breakdown'!K80 -> 0 | H16: ='Task Breakdown'!L80 -> 0 | I16: ='Task Breakdown'!M80 -> 0 | J16: ='Task Breakdown'!N80 -> 11 | K16: ='Task Breakdown'!O80 -> 0 | L16: ='Task Breakdown'!P80 -> 0 | ... P16: ='Task Breakdown'!T80 -> 0 | Q16: =SUM(E16:P16) -> 11 | R16: =IF($Q$216>0,Q16/$Q$216,0) -> 0.0017014695
A17: PS-2.02 | B17: AI gateway / model router: Azure OpenAI, Anthropic, Gemini, self-hosted | C17: Foundry | D17: Model router with quotas and fallbacks | E17: =SUM(E18:E29) -> 0 | F17: =SUM(F18:F29) -> 0 | G17: =SUM(G18:G29) -> 86 | H17: =SUM(H18:H29) -> 24 | I17: =SUM(I18:I29) -> 68 | J17: =SUM(J18:J29) -> 160 | K17: =SUM(K18:K29) -> 0 | L17: =SUM(L18:L29) -> 0 | ... Q17: =SUM(Q18:Q29) -> 387 | R17: =IF($Q$216>0,Q17/$Q$216,0) -> 0.059860789
A18: ='Task Breakdown'!A81 -> PS-2.02.01 | B18: ='Task Breakdown'!G81 -> Define model routing policy (task type, cost, latency, fallback) | E18: ='Task Breakdown'!I81 -> 0 | F18: ='Task Breakdown'!J81 -> 0 | G18: ='Task Breakdown'!K81 -> 0 | H18: ='Task Breakdown'!L81 -> 0 | I18: ='Task Breakdown'!M81 -> 31 | J18: ='Task Breakdown'!N81 -> 0 | K18: ='Task Breakdown'!O81 -> 0 | L18: ='Task Breakdown'!P81 -> 0 | ... P18: ='Task Breakdown'!T81 -> 0 | Q18: =SUM(E18:P18) -> 31 | R18: =IF($Q$216>0,Q18/$Q$216,0) -> 0.0047950503
A19: ='Task Breakdown'!A82 -> PS-2.02.02 | B19: ='Task Breakdown'!G82 -> Configure APIM AI gateway backends: Azure OpenAI, Anthropic, Gemini, self-hosted | E19: ='Task Breakdown'!I82 -> 0 | F19: ='Task Breakdown'!J82 -> 0 | G19: ='Task Breakdown'!K82 -> 43 | H19: ='Task Breakdown'!L82 -> 0 | I19: ='Task Breakdown'!M82 -> 0 | J19: ='Task Breakdown'!N82 -> 18 | K19: ='Task Breakdown'!O82 -> 0 | L19: ='Task Breakdown'!P82 -> 0 | ... P19: ='Task Breakdown'!T82 -> 0 | Q19: =SUM(E19:P19) -> 61 | R19: =IF($Q$216>0,Q19/$Q$216,0) -> 0.0094354215
A20: ='Task Breakdown'!A83 -> PS-2.02.03 | B20: ='Task Breakdown'!G83 -> Implement token-based rate limits and quotas per team and agent | E20: ='Task Breakdown'!I83 -> 0 | F20: ='Task Breakdown'!J83 -> 0 | G20: ='Task Breakdown'!K83 -> 18 | H20: ='Task Breakdown'!L83 -> 0 | I20: ='Task Breakdown'!M83 -> 0 | J20: ='Task Breakdown'!N83 -> 18 | K20: ='Task Breakdown'!O83 -> 0 | L20: ='Task Breakdown'!P83 -> 0 | ... P20: ='Task Breakdown'!T83 -> 0 | Q20: =SUM(E20:P20) -> 36 | R20: =IF($Q$216>0,Q20/$Q$216,0) -> 0.0055684455
A21: ='Task Breakdown'!A84 -> PS-2.02.04 | B21: ='Task Breakdown'!G84 -> Implement retry and fallback across regions and models | E21: ='Task Breakdown'!I84 -> 0 | F21: ='Task Breakdown'!J84 -> 0 | G21: ='Task Breakdown'!K84 -> 0 | H21: ='Task Breakdown'!L84 -> 0 | I21: ='Task Breakdown'!M84 -> 6 | J21: ='Task Breakdown'!N84 -> 37 | K21: ='Task Breakdown'!O84 -> 0 | L21: ='Task Breakdown'!P84 -> 0 | ... P21: ='Task Breakdown'!T84 -> 0 | Q21: =SUM(E21:P21) -> 43 | R21: =IF($Q$216>0,Q21/$Q$216,0) -> 0.0066511988
A22: ='Task Breakdown'!A85 -> PS-2.02.05 | B22: ='Task Breakdown'!G85 -> Deploy self-hosted model (vLLM on AKS) behind the gateway | E22: ='Task Breakdown'!I85 -> 0 | F22: ='Task Breakdown'!J85 -> 0 | G22: ='Task Breakdown'!K85 -> 12 | H22: ='Task Breakdown'!L85 -> 0 | I22: ='Task Breakdown'!M85 -> 0 | J22: ='Task Breakdown'!N85 -> 37 | K22: ='Task Breakdown'!O85 -> 0 | L22: ='Task Breakdown'!P85 -> 0 | ... P22: ='Task Breakdown'!T85 -> 0 | Q22: =SUM(E22:P22) -> 49 | R22: =IF($Q$216>0,Q22/$Q$216,0) -> 0.007579273
A23: ='Task Breakdown'!A86 -> PS-2.02.06 | B23: ='Task Breakdown'!G86 -> Emit token metrics and log prompts / responses securely | E23: ='Task Breakdown'!I86 -> 0 | F23: ='Task Breakdown'!J86 -> 0 | G23: ='Task Breakdown'!K86 -> 0 | H23: ='Task Breakdown'!L86 -> 12 | I23: ='Task Breakdown'!M86 -> 0 | J23: ='Task Breakdown'!N86 -> 12 | K23: ='Task Breakdown'!O86 -> 0 | L23: ='Task Breakdown'!P86 -> 0 | ... P23: ='Task Breakdown'!T86 -> 0 | Q23: =SUM(E23:P23) -> 24 | R23: =IF($Q$216>0,Q23/$Q$216,0) -> 0.003712297
A24: ='Task Breakdown'!A87 -> PS-2.02.07 | B24: ='Task Breakdown'!G87 -> Use managed identity for model access (no keys in apps) | E24: ='Task Breakdown'!I87 -> 0 | F24: ='Task Breakdown'!J87 -> 0 | G24: ='Task Breakdown'!K87 -> 0 | H24: ='Task Breakdown'!L87 -> 12 | I24: ='Task Breakdown'!M87 -> 12 | J24: ='Task Breakdown'!N87 -> 0 | K24: ='Task Breakdown'!O87 -> 0 | L24: ='Task Breakdown'!P87 -> 0 | ... P24: ='Task Breakdown'!T87 -> 0 | Q24: =SUM(E24:P24) -> 24 | R24: =IF($Q$216>0,Q24/$Q$216,0) -> 0.003712297
A25: ='Task Breakdown'!A88 -> PS-2.02.08 | B25: ='Task Breakdown'!G88 -> Load and failover testing | E25: ='Task Breakdown'!I88 -> 0 | F25: ='Task Breakdown'!J88 -> 0 | G25: ='Task Breakdown'!K88 -> 0 | H25: ='Task Breakdown'!L88 -> 0 | I25: ='Task Breakdown'!M88 -> 0 | J25: ='Task Breakdown'!N88 -> 0 | K25: ='Task Breakdown'!O88 -> 0 | L25: ='Task Breakdown'!P88 -> 0 | ... P25: ='Task Breakdown'!T88 -> 0 | Q25: =SUM(E25:P25) -> 49 | R25: =IF($Q$216>0,Q25/$Q$216,0) -> 0.007579273
A26: ='Task Breakdown'!A89 -> PS-2.02.09 | B26: ='Task Breakdown'!G89 -> Detailed design and design review | E26: ='Task Breakdown'!I89 -> 0 | F26: ='Task Breakdown'!J89 -> 0 | G26: ='Task Breakdown'!K89 -> 0 | H26: ='Task Breakdown'!L89 -> 0 | I26: ='Task Breakdown'!M89 -> 19 | J26: ='Task Breakdown'!N89 -> 0 | K26: ='Task Breakdown'!O89 -> 0 | L26: ='Task Breakdown'!P89 -> 0 | ... P26: ='Task Breakdown'!T89 -> 0 | Q26: =SUM(E26:P26) -> 19 | R26: =IF($Q$216>0,Q26/$Q$216,0) -> 0.0029389018
A27: ='Task Breakdown'!A90 -> PS-2.02.10 | B27: ='Task Breakdown'!G90 -> Promote through dev / test / prod and release | E27: ='Task Breakdown'!I90 -> 0 | F27: ='Task Breakdown'!J90 -> 0 | G27: ='Task Breakdown'!K90 -> 13 | H27: ='Task Breakdown'!L90 -> 0 | I27: ='Task Breakdown'!M90 -> 0 | J27: ='Task Breakdown'!N90 -> 0 | K27: ='Task Breakdown'!O90 -> 0 | L27: ='Task Breakdown'!P90 -> 0 | ... P27: ='Task Breakdown'!T90 -> 0 | Q27: =SUM(E27:P27) -> 13 | R27: =IF($Q$216>0,Q27/$Q$216,0) -> 0.0020108275
A28: ='Task Breakdown'!A91 -> PS-2.02.11 | B28: ='Task Breakdown'!G91 -> Documentation, runbook and knowledge transfer | E28: ='Task Breakdown'!I91 -> 0 | F28: ='Task Breakdown'!J91 -> 0 | G28: ='Task Breakdown'!K91 -> 0 | H28: ='Task Breakdown'!L91 -> 0 | I28: ='Task Breakdown'!M91 -> 0 | J28: ='Task Breakdown'!N91 -> 13 | K28: ='Task Breakdown'!O91 -> 0 | L28: ='Task Breakdown'!P91 -> 0 | ... P28: ='Task Breakdown'!T91 -> 0 | Q28: =SUM(E28:P28) -> 13 | R28: =IF($Q$216>0,Q28/$Q$216,0) -> 0.0020108275
A29: ='Task Breakdown'!A92 -> PS-2.02.12 | B29: ='Task Breakdown'!G92 -> Defect fixing and rework after testing | E29: ='Task Breakdown'!I92 -> 0 | F29: ='Task Breakdown'!J92 -> 0 | G29: ='Task Breakdown'!K92 -> 0 | H29: ='Task Breakdown'!L92 -> 0 | I29: ='Task Breakdown'!M92 -> 0 | J29: ='Task Breakdown'!N92 -> 25 | K29: ='Task Breakdown'!O92 -> 0 | L29: ='Task Breakdown'!P92 -> 0 | ... P29: ='Task Breakdown'!T92 -> 0 | Q29: =SUM(E29:P29) -> 25 | R29: =IF($Q$216>0,Q29/$Q$216,0) -> 0.003866976
A30: PS-2.03 | B30: Agent orchestrator: Foundry Agent Service, Semantic Kernel, LangGraph | C30: Foundry | D30: Orchestration framework and reference agent | E30: =SUM(E31:E42) -> 0 | F30: =SUM(F31:F42) -> 0 | G30: =SUM(G31:G42) -> 22 | H30: =SUM(H31:H42) -> 0 | I30: =SUM(I31:I42) -> 130 | J30: =SUM(J31:J42) -> 358 | K30: =SUM(K31:K42) -> 0 | L30: =SUM(L31:L42) -> 0 | ... Q30: =SUM(Q31:Q42) -> 657 | R30: =IF($Q$216>0,Q30/$Q$216,0) -> 0.10162413
A31: ='Task Breakdown'!A93 -> PS-2.03.01 | B31: ='Task Breakdown'!G93 -> Evaluate and select orchestration options (Foundry Agent Service, Semantic Kernel, LangGraph) | E31: ='Task Breakdown'!I93 -> 0 | F31: ='Task Breakdown'!J93 -> 0 | G31: ='Task Breakdown'!K93 -> 0 | H31: ='Task Breakdown'!L93 -> 0 | I31: ='Task Breakdown'!M93 -> 37 | J31: ='Task Breakdown'!N93 -> 25 | K31: ='Task Breakdown'!O93 -> 0 | L31: ='Task Breakdown'!P93 -> 0 | ... P31: ='Task Breakdown'!T93 -> 0 | Q31: =SUM(E31:P31) -> 62 | R31: =IF($Q$216>0,Q31/$Q$216,0) -> 0.0095901005
A32: ='Task Breakdown'!A94 -> PS-2.03.02 | B32: ='Task Breakdown'!G94 -> Define agent design standards: tools, state, guardrails, handoff | E32: ='Task Breakdown'!I94 -> 0 | F32: ='Task Breakdown'!J94 -> 0 | G32: ='Task Breakdown'!K94 -> 0 | H32: ='Task Breakdown'!L94 -> 0 | I32: ='Task Breakdown'!M94 -> 31 | J32: ='Task Breakdown'!N94 -> 0 | K32: ='Task Breakdown'!O94 -> 0 | L32: ='Task Breakdown'!P94 -> 0 | ... P32: ='Task Breakdown'!T94 -> 0 | Q32: =SUM(E32:P32) -> 31 | R32: =IF($Q$216>0,Q32/$Q$216,0) -> 0.0047950503
A33: ='Task Breakdown'!A95 -> PS-2.03.03 | B33: ='Task Breakdown'!G95 -> Build orchestration service skeleton (API, sessions, state store) | E33: ='Task Breakdown'!I95 -> 0 | F33: ='Task Breakdown'!J95 -> 0 | G33: ='Task Breakdown'!K95 -> 0 | H33: ='Task Breakdown'!L95 -> 0 | I33: ='Task Breakdown'!M95 -> 0 | J33: ='Task Breakdown'!N95 -> 73 | K33: ='Task Breakdown'!O95 -> 0 | L33: ='Task Breakdown'!P95 -> 0 | ... P33: ='Task Breakdown'!T95 -> 0 | Q33: =SUM(E33:P33) -> 110 | R33: =IF($Q$216>0,Q33/$Q$216,0) -> 0.017014695
A34: ='Task Breakdown'!A96 -> PS-2.03.04 | B34: ='Task Breakdown'!G96 -> Implement tool calling and agent-to-agent handoff | E34: ='Task Breakdown'!I96 -> 0 | F34: ='Task Breakdown'!J96 -> 0 | G34: ='Task Breakdown'!K96 -> 0 | H34: ='Task Breakdown'!L96 -> 0 | I34: ='Task Breakdown'!M96 -> 0 | J34: ='Task Breakdown'!N96 -> 73 | K34: ='Task Breakdown'!O96 -> 0 | L34: ='Task Breakdown'!P96 -> 0 | ... P34: ='Task Breakdown'!T96 -> 0 | Q34: =SUM(E34:P34) -> 73 | R34: =IF($Q$216>0,Q34/$Q$216,0) -> 0.01129157
A35: ='Task Breakdown'!A97 -> PS-2.03.05 | B35: ='Task Breakdown'!G97 -> Implement checkpoints, retries, timeouts and human-in-the-loop hooks | E35: ='Task Breakdown'!I97 -> 0 | F35: ='Task Breakdown'!J97 -> 0 | G35: ='Task Breakdown'!K97 -> 0 | H35: ='Task Breakdown'!L97 -> 0 | I35: ='Task Breakdown'!M97 -> 0 | J35: ='Task Breakdown'!N97 -> 49 | K35: ='Task Breakdown'!O97 -> 0 | L35: ='Task Breakdown'!P97 -> 0 | ... P35: ='Task Breakdown'!T97 -> 0 | Q35: =SUM(E35:P35) -> 49 | R35: =IF($Q$216>0,Q35/$Q$216,0) -> 0.007579273
A36: ='Task Breakdown'!A98 -> PS-2.03.06 | B36: ='Task Breakdown'!G98 -> Build a reference agent end to end | E36: ='Task Breakdown'!I98 -> 0 | F36: ='Task Breakdown'!J98 -> 0 | G36: ='Task Breakdown'!K98 -> 0 | H36: ='Task Breakdown'!L98 -> 0 | I36: ='Task Breakdown'!M98 -> 18 | J36: ='Task Breakdown'!N98 -> 73 | K36: ='Task Breakdown'!O98 -> 0 | L36: ='Task Breakdown'!P98 -> 0 | ... P36: ='Task Breakdown'!T98 -> 0 | Q36: =SUM(E36:P36) -> 128 | R36: =IF($Q$216>0,Q36/$Q$216,0) -> 0.019798917
A37: ='Task Breakdown'!A99 -> PS-2.03.07 | B37: ='Task Breakdown'!G99 -> Write developer guide and starter template | E37: ='Task Breakdown'!I99 -> 0 | F37: ='Task Breakdown'!J99 -> 0 | G37: ='Task Breakdown'!K99 -> 0 | H37: ='Task Breakdown'!L99 -> 0 | I37: ='Task Breakdown'!M99 -> 12 | J37: ='Task Breakdown'!N99 -> 0 | K37: ='Task Breakdown'!O99 -> 0 | L37: ='Task Breakdown'!P99 -> 0 | ... P37: ='Task Breakdown'!T99 -> 0 | Q37: =SUM(E37:P37) -> 12 | R37: =IF($Q$216>0,Q37/$Q$216,0) -> 0.0018561485
A38: ='Task Breakdown'!A100 -> PS-2.03.08 | B38: ='Task Breakdown'!G100 -> Integration and failure-mode testing | E38: ='Task Breakdown'!I100 -> 0 | F38: ='Task Breakdown'!J100 -> 0 | G38: ='Task Breakdown'!K100 -> 0 | H38: ='Task Breakdown'!L100 -> 0 | I38: ='Task Breakdown'!M100 -> 0 | J38: ='Task Breakdown'!N100 -> 0 | K38: ='Task Breakdown'!O100 -> 0 | L38: ='Task Breakdown'!P100 -> 0 | ... P38: ='Task Breakdown'!T100 -> 0 | Q38: =SUM(E38:P38) -> 73 | R38: =IF($Q$216>0,Q38/$Q$216,0) -> 0.01129157
A39: ='Task Breakdown'!A101 -> PS-2.03.09 | B39: ='Task Breakdown'!G101 -> Detailed design and design review | E39: ='Task Breakdown'!I101 -> 0 | F39: ='Task Breakdown'!J101 -> 0 | G39: ='Task Breakdown'!K101 -> 0 | H39: ='Task Breakdown'!L101 -> 0 | I39: ='Task Breakdown'!M101 -> 32 | J39: ='Task Breakdown'!N101 -> 0 | K39: ='Task Breakdown'!O101 -> 0 | L39: ='Task Breakdown'!P101 -> 0 | ... P39: ='Task Breakdown'!T101 -> 0 | Q39: =SUM(E39:P39) -> 32 | R39: =IF($Q$216>0,Q39/$Q$216,0) -> 0.0049497293
A40: ='Task Breakdown'!A102 -> PS-2.03.10 | B40: ='Task Breakdown'!G102 -> Promote through dev / test / prod and release | E40: ='Task Breakdown'!I102 -> 0 | F40: ='Task Breakdown'!J102 -> 0 | G40: ='Task Breakdown'!K102 -> 22 | H40: ='Task Breakdown'!L102 -> 0 | I40: ='Task Breakdown'!M102 -> 0 | J40: ='Task Breakdown'!N102 -> 0 | K40: ='Task Breakdown'!O102 -> 0 | L40: ='Task Breakdown'!P102 -> 0 | ... P40: ='Task Breakdown'!T102 -> 0 | Q40: =SUM(E40:P40) -> 22 | R40: =IF($Q$216>0,Q40/$Q$216,0) -> 0.0034029389
A41: ='Task Breakdown'!A103 -> PS-2.03.11 | B41: ='Task Breakdown'!G103 -> Documentation, runbook and knowledge transfer | E41: ='Task Breakdown'!I103 -> 0 | F41: ='Task Breakdown'!J103 -> 0 | G41: ='Task Breakdown'!K103 -> 0 | H41: ='Task Breakdown'!L103 -> 0 | I41: ='Task Breakdown'!M103 -> 0 | J41: ='Task Breakdown'!N103 -> 22 | K41: ='Task Breakdown'!O103 -> 0 | L41: ='Task Breakdown'!P103 -> 0 | ... P41: ='Task Breakdown'!T103 -> 0 | Q41: =SUM(E41:P41) -> 22 | R41: =IF($Q$216>0,Q41/$Q$216,0) -> 0.0034029389
A42: ='Task Breakdown'!A104 -> PS-2.03.12 | B42: ='Task Breakdown'!G104 -> Defect fixing and rework after testing | E42: ='Task Breakdown'!I104 -> 0 | F42: ='Task Breakdown'!J104 -> 0 | G42: ='Task Breakdown'!K104 -> 0 | H42: ='Task Breakdown'!L104 -> 0 | I42: ='Task Breakdown'!M104 -> 0 | J42: ='Task Breakdown'!N104 -> 43 | K42: ='Task Breakdown'!O104 -> 0 | L42: ='Task Breakdown'!P104 -> 0 | ... P42: ='Task Breakdown'!T104 -> 0 | Q42: =SUM(E42:P42) -> 43 | R42: =IF($Q$216>0,Q42/$Q$216,0) -> 0.0066511988
A43: PS-2.04 | B43: Memory layer: working, conversation, long-term | C43: Foundry | D43: Memory services | E43: =SUM(E44:E54) -> 0 | F43: =SUM(F44:F54) -> 0 | G43: =SUM(G44:G54) -> 9 | H43: =SUM(H44:H54) -> 0 | I43: =SUM(I44:I54) -> 44 | J43: =SUM(J44:J54) -> 171 | K43: =SUM(K44:K54) -> 20 | L43: =SUM(L44:L54) -> 0 | ... Q43: =SUM(Q44:Q54) -> 275 | R43: =IF($Q$216>0,Q43/$Q$216,0) -> 0.042536736
A44: ='Task Breakdown'!A105 -> PS-2.04.01 | B44: ='Task Breakdown'!G105 -> Design memory types and retention (working, conversation, long-term, episodic) | E44: ='Task Breakdown'!I105 -> 0 | F44: ='Task Breakdown'!J105 -> 0 | G44: ='Task Breakdown'!K105 -> 0 | H44: ='Task Breakdown'!L105 -> 0 | I44: ='Task Breakdown'!M105 -> 20 | J44: ='Task Breakdown'!N105 -> 0 | K44: ='Task Breakdown'!O105 -> 0 | L44: ='Task Breakdown'!P105 -> 0 | ... P44: ='Task Breakdown'!T105 -> 0 | Q44: =SUM(E44:P44) -> 20 | R44: =IF($Q$216>0,Q44/$Q$216,0) -> 0.0030935808
A45: ='Task Breakdown'!A106 -> PS-2.04.02 | B45: ='Task Breakdown'!G106 -> Implement conversation memory store in Cosmos DB with TTL | E45: ='Task Breakdown'!I106 -> 0 | F45: ='Task Breakdown'!J106 -> 0 | G45: ='Task Breakdown'!K106 -> 0 | H45: ='Task Breakdown'!L106 -> 0 | I45: ='Task Breakdown'!M106 -> 0 | J45: ='Task Breakdown'!N106 -> 31 | K45: ='Task Breakdown'!O106 -> 10 | L45: ='Task Breakdown'!P106 -> 0 | ... P45: ='Task Breakdown'!T106 -> 0 | Q45: =SUM(E45:P45) -> 41 | R45: =IF($Q$216>0,Q45/$Q$216,0) -> 0.0063418407
A46: ='Task Breakdown'!A107 -> PS-2.04.03 | B46: ='Task Breakdown'!G107 -> Implement working memory / session state in Redis | E46: ='Task Breakdown'!I107 -> 0 | F46: ='Task Breakdown'!J107 -> 0 | G46: ='Task Breakdown'!K107 -> 0 | H46: ='Task Breakdown'!L107 -> 0 | I46: ='Task Breakdown'!M107 -> 0 | J46: ='Task Breakdown'!N107 -> 26 | K46: ='Task Breakdown'!O107 -> 0 | L46: ='Task Breakdown'!P107 -> 0 | ... P46: ='Task Breakdown'!T107 -> 0 | Q46: =SUM(E46:P46) -> 26 | R46: =IF($Q$216>0,Q46/$Q$216,0) -> 0.0040216551
A47: ='Task Breakdown'!A108 -> PS-2.04.04 | B47: ='Task Breakdown'!G108 -> Implement long-term semantic memory with embeddings | E47: ='Task Breakdown'!I108 -> 0 | F47: ='Task Breakdown'!J108 -> 0 | G47: ='Task Breakdown'!K108 -> 0 | H47: ='Task Breakdown'!L108 -> 0 | I47: ='Task Breakdown'!M108 -> 0 | J47: ='Task Breakdown'!N108 -> 41 | K47: ='Task Breakdown'!O108 -> 10 | L47: ='Task Breakdown'!P108 -> 0 | ... P47: ='Task Breakdown'!T108 -> 0 | Q47: =SUM(E47:P47) -> 51 | R47: =IF($Q$216>0,Q47/$Q$216,0) -> 0.0078886311
A48: ='Task Breakdown'!A109 -> PS-2.04.05 | B48: ='Task Breakdown'!G109 -> Add summarization and memory pruning | E48: ='Task Breakdown'!I109 -> 0 | F48: ='Task Breakdown'!J109 -> 0 | G48: ='Task Breakdown'!K109 -> 0 | H48: ='Task Breakdown'!L109 -> 0 | I48: ='Task Breakdown'!M109 -> 0 | J48: ='Task Breakdown'!N109 -> 26 | K48: ='Task Breakdown'!O109 -> 0 | L48: ='Task Breakdown'!P109 -> 0 | ... P48: ='Task Breakdown'!T109 -> 0 | Q48: =SUM(E48:P48) -> 26 | R48: =IF($Q$216>0,Q48/$Q$216,0) -> 0.0040216551
A49: ='Task Breakdown'!A110 -> PS-2.04.06 | B49: ='Task Breakdown'!G110 -> Add PII handling and per-user isolation | E49: ='Task Breakdown'!I110 -> 0 | F49: ='Task Breakdown'!J110 -> 0 | G49: ='Task Breakdown'!K110 -> 0 | H49: ='Task Breakdown'!L110 -> 0 | I49: ='Task Breakdown'!M110 -> 10 | J49: ='Task Breakdown'!N110 -> 20 | K49: ='Task Breakdown'!O110 -> 0 | L49: ='Task Breakdown'!P110 -> 0 | ... P49: ='Task Breakdown'!T110 -> 0 | Q49: =SUM(E49:P49) -> 30 | R49: =IF($Q$216>0,Q49/$Q$216,0) -> 0.0046403712
A50: ='Task Breakdown'!A111 -> PS-2.04.07 | B50: ='Task Breakdown'!G111 -> Test recall quality and user isolation | E50: ='Task Breakdown'!I111 -> 0 | F50: ='Task Breakdown'!J111 -> 0 | G50: ='Task Breakdown'!K111 -> 0 | H50: ='Task Breakdown'!L111 -> 0 | I50: ='Task Breakdown'!M111 -> 0 | J50: ='Task Breakdown'!N111 -> 0 | K50: ='Task Breakdown'!O111 -> 0 | L50: ='Task Breakdown'!P111 -> 0 | ... P50: ='Task Breakdown'!T111 -> 0 | Q50: =SUM(E50:P50) -> 31 | R50: =IF($Q$216>0,Q50/$Q$216,0) -> 0.0047950503
A51: ='Task Breakdown'!A112 -> PS-2.04.08 | B51: ='Task Breakdown'!G112 -> Detailed design and design review | E51: ='Task Breakdown'!I112 -> 0 | F51: ='Task Breakdown'!J112 -> 0 | G51: ='Task Breakdown'!K112 -> 0 | H51: ='Task Breakdown'!L112 -> 0 | I51: ='Task Breakdown'!M112 -> 14 | J51: ='Task Breakdown'!N112 -> 0 | K51: ='Task Breakdown'!O112 -> 0 | L51: ='Task Breakdown'!P112 -> 0 | ... P51: ='Task Breakdown'!T112 -> 0 | Q51: =SUM(E51:P51) -> 14 | R51: =IF($Q$216>0,Q51/$Q$216,0) -> 0.0021655066
A52: ='Task Breakdown'!A113 -> PS-2.04.09 | B52: ='Task Breakdown'!G113 -> Promote through dev / test / prod and release | E52: ='Task Breakdown'!I113 -> 0 | F52: ='Task Breakdown'!J113 -> 0 | G52: ='Task Breakdown'!K113 -> 9 | H52: ='Task Breakdown'!L113 -> 0 | I52: ='Task Breakdown'!M113 -> 0 | J52: ='Task Breakdown'!N113 -> 0 | K52: ='Task Breakdown'!O113 -> 0 | L52: ='Task Breakdown'!P113 -> 0 | ... P52: ='Task Breakdown'!T113 -> 0 | Q52: =SUM(E52:P52) -> 9 | R52: =IF($Q$216>0,Q52/$Q$216,0) -> 0.0013921114
A53: ='Task Breakdown'!A114 -> PS-2.04.10 | B53: ='Task Breakdown'!G114 -> Documentation, runbook and knowledge transfer | E53: ='Task Breakdown'!I114 -> 0 | F53: ='Task Breakdown'!J114 -> 0 | G53: ='Task Breakdown'!K114 -> 0 | H53: ='Task Breakdown'!L114 -> 0 | I53: ='Task Breakdown'!M114 -> 0 | J53: ='Task Breakdown'!N114 -> 9 | K53: ='Task Breakdown'!O114 -> 0 | L53: ='Task Breakdown'!P114 -> 0 | ... P53: ='Task Breakdown'!T114 -> 0 | Q53: =SUM(E53:P53) -> 9 | R53: =IF($Q$216>0,Q53/$Q$216,0) -> 0.0013921114
A54: ='Task Breakdown'!A115 -> PS-2.04.11 | B54: ='Task Breakdown'!G115 -> Defect fixing and rework after testing | E54: ='Task Breakdown'!I115 -> 0 | F54: ='Task Breakdown'!J115 -> 0 | G54: ='Task Breakdown'!K115 -> 0 | H54: ='Task Breakdown'!L115 -> 0 | I54: ='Task Breakdown'!M115 -> 0 | J54: ='Task Breakdown'!N115 -> 18 | K54: ='Task Breakdown'!O115 -> 0 | L54: ='Task Breakdown'!P115 -> 0 | ... P54: ='Task Breakdown'!T115 -> 0 | Q54: =SUM(E54:P54) -> 18 | R54: =IF($Q$216>0,Q54/$Q$216,0) -> 0.0027842227
A55: PS-2.05 | B55: Prompt library, templates, versioning | C55: Foundry | D55: Prompt repository with versioning | E55: =SUM(E56:E64) -> 0 | F55: =SUM(F56:F64) -> 0 | G55: =SUM(G56:G64) -> 4 | H55: =SUM(H56:H64) -> 0 | I55: =SUM(I56:I64) -> 6 | J55: =SUM(J56:J64) -> 76 | K55: =SUM(K56:K64) -> 0 | L55: =SUM(L56:L64) -> 0 | ... Q55: =SUM(Q56:Q64) -> 118 | R55: =IF($Q$216>0,Q55/$Q$216,0) -> 0.018252127
A56: ='Task Breakdown'!A116 -> PS-2.05.01 | B56: ='Task Breakdown'!G116 -> Define prompt template standards and metadata | E56: ='Task Breakdown'!I116 -> 0 | F56: ='Task Breakdown'!J116 -> 0 | G56: ='Task Breakdown'!K116 -> 0 | H56: ='Task Breakdown'!L116 -> 0 | I56: ='Task Breakdown'!M116 -> 0 | J56: ='Task Breakdown'!N116 -> 12 | K56: ='Task Breakdown'!O116 -> 0 | L56: ='Task Breakdown'!P116 -> 0 | ... P56: ='Task Breakdown'!T116 -> 0 | Q56: =SUM(E56:P56) -> 16 | R56: =IF($Q$216>0,Q56/$Q$216,0) -> 0.0024748647
A57: ='Task Breakdown'!A117 -> PS-2.05.02 | B57: ='Task Breakdown'!G117 -> Set up prompt repository with versioning and approvals | E57: ='Task Breakdown'!I117 -> 0 | F57: ='Task Breakdown'!J117 -> 0 | G57: ='Task Breakdown'!K117 -> 0 | H57: ='Task Breakdown'!L117 -> 0 | I57: ='Task Breakdown'!M117 -> 0 | J57: ='Task Breakdown'!N117 -> 20 | K57: ='Task Breakdown'!O117 -> 0 | L57: ='Task Breakdown'!P117 -> 0 | ... P57: ='Task Breakdown'!T117 -> 0 | Q57: =SUM(E57:P57) -> 20 | R57: =IF($Q$216>0,Q57/$Q$216,0) -> 0.0030935808
A58: ='Task Breakdown'!A118 -> PS-2.05.03 | B58: ='Task Breakdown'!G118 -> Build system-prompt and guardrail templates for each agent type | E58: ='Task Breakdown'!I118 -> 0 | F58: ='Task Breakdown'!J118 -> 0 | G58: ='Task Breakdown'!K118 -> 0 | H58: ='Task Breakdown'!L118 -> 0 | I58: ='Task Breakdown'!M118 -> 0 | J58: ='Task Breakdown'!N118 -> 20 | K58: ='Task Breakdown'!O118 -> 0 | L58: ='Task Breakdown'!P118 -> 0 | ... P58: ='Task Breakdown'!T118 -> 0 | Q58: =SUM(E58:P58) -> 32 | R58: =IF($Q$216>0,Q58/$Q$216,0) -> 0.0049497293
A59: ='Task Breakdown'!A119 -> PS-2.05.04 | B59: ='Task Breakdown'!G119 -> Wire prompt versions into the deployment pipeline | E59: ='Task Breakdown'!I119 -> 0 | F59: ='Task Breakdown'!J119 -> 0 | G59: ='Task Breakdown'!K119 -> 0 | H59: ='Task Breakdown'!L119 -> 0 | I59: ='Task Breakdown'!M119 -> 0 | J59: ='Task Breakdown'!N119 -> 12 | K59: ='Task Breakdown'!O119 -> 0 | L59: ='Task Breakdown'!P119 -> 0 | ... P59: ='Task Breakdown'!T119 -> 0 | Q59: =SUM(E59:P59) -> 12 | R59: =IF($Q$216>0,Q59/$Q$216,0) -> 0.0018561485
A60: ='Task Breakdown'!A120 -> PS-2.05.05 | B60: ='Task Breakdown'!G120 -> Regression-test prompts against a sample set | E60: ='Task Breakdown'!I120 -> 0 | F60: ='Task Breakdown'!J120 -> 0 | G60: ='Task Breakdown'!K120 -> 0 | H60: ='Task Breakdown'!L120 -> 0 | I60: ='Task Breakdown'!M120 -> 0 | J60: ='Task Breakdown'!N120 -> 0 | K60: ='Task Breakdown'!O120 -> 0 | L60: ='Task Breakdown'!P120 -> 0 | ... P60: ='Task Breakdown'!T120 -> 0 | Q60: =SUM(E60:P60) -> 16 | R60: =IF($Q$216>0,Q60/$Q$216,0) -> 0.0024748647
A61: ='Task Breakdown'!A121 -> PS-2.05.06 | B61: ='Task Breakdown'!G121 -> Detailed design and design review | E61: ='Task Breakdown'!I121 -> 0 | F61: ='Task Breakdown'!J121 -> 0 | G61: ='Task Breakdown'!K121 -> 0 | H61: ='Task Breakdown'!L121 -> 0 | I61: ='Task Breakdown'!M121 -> 6 | J61: ='Task Breakdown'!N121 -> 0 | K61: ='Task Breakdown'!O121 -> 0 | L61: ='Task Breakdown'!P121 -> 0 | ... P61: ='Task Breakdown'!T121 -> 0 | Q61: =SUM(E61:P61) -> 6 | R61: =IF($Q$216>0,Q61/$Q$216,0) -> 0.00092807425
A62: ='Task Breakdown'!A122 -> PS-2.05.07 | B62: ='Task Breakdown'!G122 -> Promote through dev / test / prod and release | E62: ='Task Breakdown'!I122 -> 0 | F62: ='Task Breakdown'!J122 -> 0 | G62: ='Task Breakdown'!K122 -> 4 | H62: ='Task Breakdown'!L122 -> 0 | I62: ='Task Breakdown'!M122 -> 0 | J62: ='Task Breakdown'!N122 -> 0 | K62: ='Task Breakdown'!O122 -> 0 | L62: ='Task Breakdown'!P122 -> 0 | ... P62: ='Task Breakdown'!T122 -> 0 | Q62: =SUM(E62:P62) -> 4 | R62: =IF($Q$216>0,Q62/$Q$216,0) -> 0.00061871616
A63: ='Task Breakdown'!A123 -> PS-2.05.08 | B63: ='Task Breakdown'!G123 -> Documentation, runbook and knowledge transfer | E63: ='Task Breakdown'!I123 -> 0 | F63: ='Task Breakdown'!J123 -> 0 | G63: ='Task Breakdown'!K123 -> 0 | H63: ='Task Breakdown'!L123 -> 0 | I63: ='Task Breakdown'!M123 -> 0 | J63: ='Task Breakdown'!N123 -> 4 | K63: ='Task Breakdown'!O123 -> 0 | L63: ='Task Breakdown'!P123 -> 0 | ... P63: ='Task Breakdown'!T123 -> 0 | Q63: =SUM(E63:P63) -> 4 | R63: =IF($Q$216>0,Q63/$Q$216,0) -> 0.00061871616
A64: ='Task Breakdown'!A124 -> PS-2.05.09 | B64: ='Task Breakdown'!G124 -> Defect fixing and rework after testing | E64: ='Task Breakdown'!I124 -> 0 | F64: ='Task Breakdown'!J124 -> 0 | G64: ='Task Breakdown'!K124 -> 0 | H64: ='Task Breakdown'!L124 -> 0 | I64: ='Task Breakdown'!M124 -> 0 | J64: ='Task Breakdown'!N124 -> 8 | K64: ='Task Breakdown'!O124 -> 0 | L64: ='Task Breakdown'!P124 -> 0 | ... P64: ='Task Breakdown'!T124 -> 0 | Q64: =SUM(E64:P64) -> 8 | R64: =IF($Q$216>0,Q64/$Q$216,0) -> 0.0012374323
A65: PS-2.06 | B65: Content Safety and Prompt Shields | C65: Foundry | D65: Safety policies configured | E65: =SUM(E66:E75) -> 0 | F65: =SUM(F66:F75) -> 0 | G65: =SUM(G66:G75) -> 7 | H65: =SUM(H66:H75) -> 40 | I65: =SUM(I66:I75) -> 30 | J65: =SUM(J66:J75) -> 80 | K65: =SUM(K66:K75) -> 0 | L65: =SUM(L66:L75) -> 0 | ... Q65: =SUM(Q66:Q75) -> 198 | R65: =IF($Q$216>0,Q65/$Q$216,0) -> 0.03062645
A66: ='Task Breakdown'!A125 -> PS-2.06.01 | B66: ='Task Breakdown'!G125 -> Define safety policy and severity thresholds | E66: ='Task Breakdown'!I125 -> 0 | F66: ='Task Breakdown'!J125 -> 0 | G66: ='Task Breakdown'!K125 -> 0 | H66: ='Task Breakdown'!L125 -> 10 | I66: ='Task Breakdown'!M125 -> 10 | J66: ='Task Breakdown'!N125 -> 0 | K66: ='Task Breakdown'!O125 -> 0 | L66: ='Task Breakdown'!P125 -> 0 | ... P66: ='Task Breakdown'!T125 -> 0 | Q66: =SUM(E66:P66) -> 20 | R66: =IF($Q$216>0,Q66/$Q$216,0) -> 0.0030935808
A67: ='Task Breakdown'!A126 -> PS-2.06.02 | B67: ='Task Breakdown'!G126 -> Enable Azure AI Content Safety filters per model deployment | E67: ='Task Breakdown'!I126 -> 0 | F67: ='Task Breakdown'!J126 -> 0 | G67: ='Task Breakdown'!K126 -> 0 | H67: ='Task Breakdown'!L126 -> 0 | I67: ='Task Breakdown'!M126 -> 0 | J67: ='Task Breakdown'!N126 -> 15 | K67: ='Task Breakdown'!O126 -> 0 | L67: ='Task Breakdown'!P126 -> 0 | ... P67: ='Task Breakdown'!T126 -> 0 | Q67: =SUM(E67:P67) -> 15 | R67: =IF($Q$216>0,Q67/$Q$216,0) -> 0.0023201856
A68: ='Task Breakdown'!A127 -> PS-2.06.03 | B68: ='Task Breakdown'!G127 -> Enable Prompt Shields for jailbreak and indirect injection | E68: ='Task Breakdown'!I127 -> 0 | F68: ='Task Breakdown'!J127 -> 0 | G68: ='Task Breakdown'!K127 -> 0 | H68: ='Task Breakdown'!L127 -> 10 | I68: ='Task Breakdown'!M127 -> 0 | J68: ='Task Breakdown'!N127 -> 15 | K68: ='Task Breakdown'!O127 -> 0 | L68: ='Task Breakdown'!P127 -> 0 | ... P68: ='Task Breakdown'!T127 -> 0 | Q68: =SUM(E68:P68) -> 25 | R68: =IF($Q$216>0,Q68/$Q$216,0) -> 0.003866976
A69: ='Task Breakdown'!A128 -> PS-2.06.04 | B69: ='Task Breakdown'!G128 -> Add PII detection and redaction on inputs and outputs | E69: ='Task Breakdown'!I128 -> 0 | F69: ='Task Breakdown'!J128 -> 0 | G69: ='Task Breakdown'!K128 -> 0 | H69: ='Task Breakdown'!L128 -> 10 | I69: ='Task Breakdown'!M128 -> 0 | J69: ='Task Breakdown'!N128 -> 20 | K69: ='Task Breakdown'!O128 -> 0 | L69: ='Task Breakdown'!P128 -> 0 | ... P69: ='Task Breakdown'!T128 -> 0 | Q69: =SUM(E69:P69) -> 30 | R69: =IF($Q$216>0,Q69/$Q$216,0) -> 0.0046403712
A70: ='Task Breakdown'!A129 -> PS-2.06.05 | B70: ='Task Breakdown'!G129 -> Set up blocklists and safety incident logging | E70: ='Task Breakdown'!I129 -> 0 | F70: ='Task Breakdown'!J129 -> 0 | G70: ='Task Breakdown'!K129 -> 0 | H70: ='Task Breakdown'!L129 -> 10 | I70: ='Task Breakdown'!M129 -> 10 | J70: ='Task Breakdown'!N129 -> 10 | K70: ='Task Breakdown'!O129 -> 0 | L70: ='Task Breakdown'!P129 -> 0 | ... P70: ='Task Breakdown'!T129 -> 0 | Q70: =SUM(E70:P70) -> 30 | R70: =IF($Q$216>0,Q70/$Q$216,0) -> 0.0046403712
A71: ='Task Breakdown'!A130 -> PS-2.06.06 | B71: ='Task Breakdown'!G130 -> Red-team testing | E71: ='Task Breakdown'!I130 -> 0 | F71: ='Task Breakdown'!J130 -> 0 | G71: ='Task Breakdown'!K130 -> 0 | H71: ='Task Breakdown'!L130 -> 0 | I71: ='Task Breakdown'!M130 -> 0 | J71: ='Task Breakdown'!N130 -> 0 | K71: ='Task Breakdown'!O130 -> 0 | L71: ='Task Breakdown'!P130 -> 0 | ... P71: ='Task Breakdown'!T130 -> 0 | Q71: =SUM(E71:P71) -> 41 | R71: =IF($Q$216>0,Q71/$Q$216,0) -> 0.0063418407
A72: ='Task Breakdown'!A131 -> PS-2.06.07 | B72: ='Task Breakdown'!G131 -> Detailed design and design review | E72: ='Task Breakdown'!I131 -> 0 | F72: ='Task Breakdown'!J131 -> 0 | G72: ='Task Breakdown'!K131 -> 0 | H72: ='Task Breakdown'!L131 -> 0 | I72: ='Task Breakdown'!M131 -> 10 | J72: ='Task Breakdown'!N131 -> 0 | K72: ='Task Breakdown'!O131 -> 0 | L72: ='Task Breakdown'!P131 -> 0 | ... P72: ='Task Breakdown'!T131 -> 0 | Q72: =SUM(E72:P72) -> 10 | R72: =IF($Q$216>0,Q72/$Q$216,0) -> 0.0015467904
A73: ='Task Breakdown'!A132 -> PS-2.06.08 | B73: ='Task Breakdown'!G132 -> Promote through dev / test / prod and release | E73: ='Task Breakdown'!I132 -> 0 | F73: ='Task Breakdown'!J132 -> 0 | G73: ='Task Breakdown'!K132 -> 7 | H73: ='Task Breakdown'!L132 -> 0 | I73: ='Task Breakdown'!M132 -> 0 | J73: ='Task Breakdown'!N132 -> 0 | K73: ='Task Breakdown'!O132 -> 0 | L73: ='Task Breakdown'!P132 -> 0 | ... P73: ='Task Breakdown'!T132 -> 0 | Q73: =SUM(E73:P73) -> 7 | R73: =IF($Q$216>0,Q73/$Q$216,0) -> 0.0010827533
A74: ='Task Breakdown'!A133 -> PS-2.06.09 | B74: ='Task Breakdown'!G133 -> Documentation, runbook and knowledge transfer | E74: ='Task Breakdown'!I133 -> 0 | F74: ='Task Breakdown'!J133 -> 0 | G74: ='Task Breakdown'!K133 -> 0 | H74: ='Task Breakdown'!L133 -> 0 | I74: ='Task Breakdown'!M133 -> 0 | J74: ='Task Breakdown'!N133 -> 7 | K74: ='Task Breakdown'!O133 -> 0 | L74: ='Task Breakdown'!P133 -> 0 | ... P74: ='Task Breakdown'!T133 -> 0 | Q74: =SUM(E74:P74) -> 7 | R74: =IF($Q$216>0,Q74/$Q$216,0) -> 0.0010827533
A75: ='Task Breakdown'!A134 -> PS-2.06.10 | B75: ='Task Breakdown'!G134 -> Defect fixing and rework after testing | E75: ='Task Breakdown'!I134 -> 0 | F75: ='Task Breakdown'!J134 -> 0 | G75: ='Task Breakdown'!K134 -> 0 | H75: ='Task Breakdown'!L134 -> 0 | I75: ='Task Breakdown'!M134 -> 0 | J75: ='Task Breakdown'!N134 -> 13 | K75: ='Task Breakdown'!O134 -> 0 | L75: ='Task Breakdown'!P134 -> 0 | ... P75: ='Task Breakdown'!T134 -> 0 | Q75: =SUM(E75:P75) -> 13 | R75: =IF($Q$216>0,Q75/$Q$216,0) -> 0.0020108275
B76: Subtotal: AI Platform Setup | E76: =E6+E17+E30+E43+E55+E65 -> 0 | F76: =F6+F17+F30+F43+F55+F65 -> 0 | G76: =G6+G17+G30+G43+G55+G65 -> 165 | H76: =H6+H17+H30+H43+H55+H65 -> 80 | I76: =I6+I17+I30+I43+I55+I65 -> 318 | J76: =J6+J17+J30+J43+J55+J65 -> 909 | K76: =K6+K17+K30+K43+K55+K65 -> 20 | L76: =L6+L17+L30+L43+L55+L65 -> 0 | ... Q76: =Q6+Q17+Q30+Q43+Q55+Q65 -> 1792 | R76: =IF($Q$216>0,Q76/$Q$216,0) -> 0.27718484
A78: AI Data Readiness: Prepare
A79: DR-2.01 | B79: Pipelines from SAP, MES and file shares | C79: AI Data Lake | D79: Ingestion pipelines | E79: =SUM(E80:E91) -> 0 | F79: =SUM(F80:F91) -> 0 | G79: =SUM(G80:G91) -> 24 | H79: =SUM(H80:H91) -> 0 | I79: =SUM(I80:I91) -> 0 | J79: =SUM(J80:J91) -> 0 | K79: =SUM(K80:K91) -> 501 | L79: =SUM(L80:L91) -> 64 | ... Q79: =SUM(Q80:Q91) -> 732 | R79: =IF($Q$216>0,Q79/$Q$216,0) -> 0.11322506
A80: ='Task Breakdown'!A302 -> DR-2.01.01 | B80: ='Task Breakdown'!G302 -> Define ingestion pattern per source (batch, CDC, event) | E80: ='Task Breakdown'!I302 -> 0 | F80: ='Task Breakdown'!J302 -> 0 | G80: ='Task Breakdown'!K302 -> 0 | H80: ='Task Breakdown'!L302 -> 0 | I80: ='Task Breakdown'!M302 -> 0 | J80: ='Task Breakdown'!N302 -> 0 | K80: ='Task Breakdown'!O302 -> 29 | L80: ='Task Breakdown'!P302 -> 14 | ... P80: ='Task Breakdown'!T302 -> 0 | Q80: =SUM(E80:P80) -> 43 | R80: =IF($Q$216>0,Q80/$Q$216,0) -> 0.0066511988
A81: ='Task Breakdown'!A303 -> DR-2.01.02 | B81: ='Task Breakdown'!G303 -> Set up SAP connectivity (SAP Datasphere / BDC / ODP) | E81: ='Task Breakdown'!I303 -> 0 | F81: ='Task Breakdown'!J303 -> 0 | G81: ='Task Breakdown'!K303 -> 0 | H81: ='Task Breakdown'!L303 -> 0 | I81: ='Task Breakdown'!M303 -> 0 | J81: ='Task Breakdown'!N303 -> 0 | K81: ='Task Breakdown'!O303 -> 86 | L81: ='Task Breakdown'!P303 -> 0 | ... P81: ='Task Breakdown'!T303 -> 0 | Q81: =SUM(E81:P81) -> 86 | R81: =IF($Q$216>0,Q81/$Q$216,0) -> 0.013302398
A82: ='Task Breakdown'!A304 -> DR-2.01.03 | B82: ='Task Breakdown'!G304 -> Build SAP pipelines: materials, orders, maintenance, quality notifications | E82: ='Task Breakdown'!I304 -> 0 | F82: ='Task Breakdown'!J304 -> 0 | G82: ='Task Breakdown'!K304 -> 0 | H82: ='Task Breakdown'!L304 -> 0 | I82: ='Task Breakdown'!M304 -> 0 | J82: ='Task Breakdown'!N304 -> 0 | K82: ='Task Breakdown'!O304 -> 114 | L82: ='Task Breakdown'!P304 -> 0 | ... P82: ='Task Breakdown'!T304 -> 0 | Q82: =SUM(E82:P82) -> 114 | R82: =IF($Q$216>0,Q82/$Q$216,0) -> 0.017633411
A83: ='Task Breakdown'!A305 -> DR-2.01.04 | B83: ='Task Breakdown'!G305 -> Build MES pipelines: production, downtime, scrap | E83: ='Task Breakdown'!I305 -> 0 | F83: ='Task Breakdown'!J305 -> 0 | G83: ='Task Breakdown'!K305 -> 0 | H83: ='Task Breakdown'!L305 -> 0 | I83: ='Task Breakdown'!M305 -> 0 | J83: ='Task Breakdown'!N305 -> 0 | K83: ='Task Breakdown'!O305 -> 86 | L83: ='Task Breakdown'!P305 -> 0 | ... P83: ='Task Breakdown'!T305 -> 0 | Q83: =SUM(E83:P83) -> 86 | R83: =IF($Q$216>0,Q83/$Q$216,0) -> 0.013302398
A84: ='Task Breakdown'!A306 -> DR-2.01.05 | B84: ='Task Breakdown'!G306 -> Build SharePoint and file-share connectors for documents | E84: ='Task Breakdown'!I306 -> 0 | F84: ='Task Breakdown'!J306 -> 0 | G84: ='Task Breakdown'!K306 -> 0 | H84: ='Task Breakdown'!L306 -> 0 | I84: ='Task Breakdown'!M306 -> 0 | J84: ='Task Breakdown'!N306 -> 0 | K84: ='Task Breakdown'!O306 -> 57 | L84: ='Task Breakdown'!P306 -> 0 | ... P84: ='Task Breakdown'!T306 -> 0 | Q84: =SUM(E84:P84) -> 57 | R84: =IF($Q$216>0,Q84/$Q$216,0) -> 0.0088167053
A85: ='Task Breakdown'!A307 -> DR-2.01.06 | B85: ='Task Breakdown'!G307 -> Map business rules and transformations with users | E85: ='Task Breakdown'!I307 -> 0 | F85: ='Task Breakdown'!J307 -> 0 | G85: ='Task Breakdown'!K307 -> 0 | H85: ='Task Breakdown'!L307 -> 0 | I85: ='Task Breakdown'!M307 -> 0 | J85: ='Task Breakdown'!N307 -> 0 | K85: ='Task Breakdown'!O307 -> 0 | L85: ='Task Breakdown'!P307 -> 14 | ... P85: ='Task Breakdown'!T307 -> 0 | Q85: =SUM(E85:P85) -> 71 | R85: =IF($Q$216>0,Q85/$Q$216,0) -> 0.010982212
A86: ='Task Breakdown'!A308 -> DR-2.01.07 | B86: ='Task Breakdown'!G308 -> Add scheduling, alerting and error handling | E86: ='Task Breakdown'!I308 -> 0 | F86: ='Task Breakdown'!J308 -> 0 | G86: ='Task Breakdown'!K308 -> 0 | H86: ='Task Breakdown'!L308 -> 0 | I86: ='Task Breakdown'!M308 -> 0 | J86: ='Task Breakdown'!N308 -> 0 | K86: ='Task Breakdown'!O308 -> 57 | L86: ='Task Breakdown'!P308 -> 0 | ... P86: ='Task Breakdown'!T308 -> 0 | Q86: =SUM(E86:P86) -> 57 | R86: =IF($Q$216>0,Q86/$Q$216,0) -> 0.0088167053
A87: ='Task Breakdown'!A309 -> DR-2.01.08 | B87: ='Task Breakdown'!G309 -> Reconciliation testing against source systems | E87: ='Task Breakdown'!I309 -> 0 | F87: ='Task Breakdown'!J309 -> 0 | G87: ='Task Breakdown'!K309 -> 0 | H87: ='Task Breakdown'!L309 -> 0 | I87: ='Task Breakdown'!M309 -> 0 | J87: ='Task Breakdown'!N309 -> 0 | K87: ='Task Breakdown'!O309 -> 0 | L87: ='Task Breakdown'!P309 -> 0 | ... P87: ='Task Breakdown'!T309 -> 0 | Q87: =SUM(E87:P87) -> 86 | R87: =IF($Q$216>0,Q87/$Q$216,0) -> 0.013302398
A88: ='Task Breakdown'!A310 -> DR-2.01.09 | B88: ='Task Breakdown'!G310 -> Detailed design and design review | E88: ='Task Breakdown'!I310 -> 0 | F88: ='Task Breakdown'!J310 -> 0 | G88: ='Task Breakdown'!K310 -> 0 | H88: ='Task Breakdown'!L310 -> 0 | I88: ='Task Breakdown'!M310 -> 0 | J88: ='Task Breakdown'!N310 -> 0 | K88: ='Task Breakdown'!O310 -> 0 | L88: ='Task Breakdown'!P310 -> 36 | ... P88: ='Task Breakdown'!T310 -> 0 | Q88: =SUM(E88:P88) -> 36 | R88: =IF($Q$216>0,Q88/$Q$216,0) -> 0.0055684455
A89: ='Task Breakdown'!A311 -> DR-2.01.10 | B89: ='Task Breakdown'!G311 -> Promote through dev / test / prod and release | E89: ='Task Breakdown'!I311 -> 0 | F89: ='Task Breakdown'!J311 -> 0 | G89: ='Task Breakdown'!K311 -> 24 | H89: ='Task Breakdown'!L311 -> 0 | I89: ='Task Breakdown'!M311 -> 0 | J89: ='Task Breakdown'!N311 -> 0 | K89: ='Task Breakdown'!O311 -> 0 | L89: ='Task Breakdown'!P311 -> 0 | ... P89: ='Task Breakdown'!T311 -> 0 | Q89: =SUM(E89:P89) -> 24 | R89: =IF($Q$216>0,Q89/$Q$216,0) -> 0.003712297
A90: ='Task Breakdown'!A312 -> DR-2.01.11 | B90: ='Task Breakdown'!G312 -> Documentation, runbook and knowledge transfer | E90: ='Task Breakdown'!I312 -> 0 | F90: ='Task Breakdown'!J312 -> 0 | G90: ='Task Breakdown'!K312 -> 0 | H90: ='Task Breakdown'!L312 -> 0 | I90: ='Task Breakdown'!M312 -> 0 | J90: ='Task Breakdown'!N312 -> 0 | K90: ='Task Breakdown'!O312 -> 24 | L90: ='Task Breakdown'!P312 -> 0 | ... P90: ='Task Breakdown'!T312 -> 0 | Q90: =SUM(E90:P90) -> 24 | R90: =IF($Q$216>0,Q90/$Q$216,0) -> 0.003712297
A91: ='Task Breakdown'!A313 -> DR-2.01.12 | B91: ='Task Breakdown'!G313 -> Defect fixing and rework after testing | E91: ='Task Breakdown'!I313 -> 0 | F91: ='Task Breakdown'!J313 -> 0 | G91: ='Task Breakdown'!K313 -> 0 | H91: ='Task Breakdown'!L313 -> 0 | I91: ='Task Breakdown'!M313 -> 0 | J91: ='Task Breakdown'!N313 -> 0 | K91: ='Task Breakdown'!O313 -> 48 | L91: ='Task Breakdown'!P313 -> 0 | ... P91: ='Task Breakdown'!T313 -> 0 | Q91: =SUM(E91:P91) -> 48 | R91: =IF($Q$216>0,Q91/$Q$216,0) -> 0.007424594
A92: DR-2.02 | B92: Document ingestion: OCR, parsing, chunking | C92: Foundry | D92: Document ingestion pipeline | E92: =SUM(E93:E103) -> 0 | F92: =SUM(F93:F103) -> 0 | G92: =SUM(G93:G103) -> 12 | H92: =SUM(H93:H103) -> 0 | I92: =SUM(I93:I103) -> 18 | J92: =SUM(J93:J103) -> 159 | K92: =SUM(K93:K103) -> 123 | L92: =SUM(L93:L103) -> 0 | ... Q92: =SUM(Q93:Q103) -> 361 | R92: =IF($Q$216>0,Q92/$Q$216,0) -> 0.055839134
A93: ='Task Breakdown'!A314 -> DR-2.02.01 | B93: ='Task Breakdown'!G314 -> Profile document types (PDF specs, scans, Excel, drawings) | E93: ='Task Breakdown'!I314 -> 0 | F93: ='Task Breakdown'!J314 -> 0 | G93: ='Task Breakdown'!K314 -> 0 | H93: ='Task Breakdown'!L314 -> 0 | I93: ='Task Breakdown'!M314 -> 0 | J93: ='Task Breakdown'!N314 -> 12 | K93: ='Task Breakdown'!O314 -> 12 | L93: ='Task Breakdown'!P314 -> 0 | ... P93: ='Task Breakdown'!T314 -> 0 | Q93: =SUM(E93:P93) -> 24 | R93: =IF($Q$216>0,Q93/$Q$216,0) -> 0.003712297
A94: ='Task Breakdown'!A315 -> DR-2.02.02 | B94: ='Task Breakdown'!G315 -> Set up Azure AI Document Intelligence for OCR and layout | E94: ='Task Breakdown'!I315 -> 0 | F94: ='Task Breakdown'!J315 -> 0 | G94: ='Task Breakdown'!K315 -> 0 | H94: ='Task Breakdown'!L315 -> 0 | I94: ='Task Breakdown'!M315 -> 0 | J94: ='Task Breakdown'!N315 -> 25 | K94: ='Task Breakdown'!O315 -> 0 | L94: ='Task Breakdown'!P315 -> 0 | ... P94: ='Task Breakdown'!T315 -> 0 | Q94: =SUM(E94:P94) -> 25 | R94: =IF($Q$216>0,Q94/$Q$216,0) -> 0.003866976
A95: ='Task Breakdown'!A316 -> DR-2.02.03 | B95: ='Task Breakdown'!G316 -> Build parsing for tables, headers and sections | E95: ='Task Breakdown'!I316 -> 0 | F95: ='Task Breakdown'!J316 -> 0 | G95: ='Task Breakdown'!K316 -> 0 | H95: ='Task Breakdown'!L316 -> 0 | I95: ='Task Breakdown'!M316 -> 0 | J95: ='Task Breakdown'!N316 -> 37 | K95: ='Task Breakdown'!O316 -> 25 | L95: ='Task Breakdown'!P316 -> 0 | ... P95: ='Task Breakdown'!T316 -> 0 | Q95: =SUM(E95:P95) -> 62 | R95: =IF($Q$216>0,Q95/$Q$216,0) -> 0.0095901005
A96: ='Task Breakdown'!A317 -> DR-2.02.04 | B96: ='Task Breakdown'!G317 -> Implement chunking strategy (structure-aware, size, overlap) | E96: ='Task Breakdown'!I317 -> 0 | F96: ='Task Breakdown'!J317 -> 0 | G96: ='Task Breakdown'!K317 -> 0 | H96: ='Task Breakdown'!L317 -> 0 | I96: ='Task Breakdown'!M317 -> 0 | J96: ='Task Breakdown'!N317 -> 37 | K96: ='Task Breakdown'!O317 -> 0 | L96: ='Task Breakdown'!P317 -> 0 | ... P96: ='Task Breakdown'!T317 -> 0 | Q96: =SUM(E96:P96) -> 37 | R96: =IF($Q$216>0,Q96/$Q$216,0) -> 0.0057231245
A97: ='Task Breakdown'!A318 -> DR-2.02.05 | B97: ='Task Breakdown'!G318 -> Extract metadata (plant, product, revision, date) | E97: ='Task Breakdown'!I318 -> 0 | F97: ='Task Breakdown'!J318 -> 0 | G97: ='Task Breakdown'!K318 -> 0 | H97: ='Task Breakdown'!L318 -> 0 | I97: ='Task Breakdown'!M318 -> 0 | J97: ='Task Breakdown'!N318 -> 12 | K97: ='Task Breakdown'!O318 -> 25 | L97: ='Task Breakdown'!P318 -> 0 | ... P97: ='Task Breakdown'!T318 -> 0 | Q97: =SUM(E97:P97) -> 37 | R97: =IF($Q$216>0,Q97/$Q$216,0) -> 0.0057231245
A98: ='Task Breakdown'!A319 -> DR-2.02.06 | B98: ='Task Breakdown'!G319 -> Build incremental ingestion (new, changed, deleted documents) | E98: ='Task Breakdown'!I319 -> 0 | F98: ='Task Breakdown'!J319 -> 0 | G98: ='Task Breakdown'!K319 -> 0 | H98: ='Task Breakdown'!L319 -> 0 | I98: ='Task Breakdown'!M319 -> 0 | J98: ='Task Breakdown'!N319 -> 0 | K98: ='Task Breakdown'!O319 -> 61 | L98: ='Task Breakdown'!P319 -> 0 | ... P98: ='Task Breakdown'!T319 -> 0 | Q98: =SUM(E98:P98) -> 61 | R98: =IF($Q$216>0,Q98/$Q$216,0) -> 0.0094354215
A99: ='Task Breakdown'!A320 -> DR-2.02.07 | B99: ='Task Breakdown'!G320 -> Quality checks on extracted text | E99: ='Task Breakdown'!I320 -> 0 | F99: ='Task Breakdown'!J320 -> 0 | G99: ='Task Breakdown'!K320 -> 0 | H99: ='Task Breakdown'!L320 -> 0 | I99: ='Task Breakdown'!M320 -> 0 | J99: ='Task Breakdown'!N320 -> 0 | K99: ='Task Breakdown'!O320 -> 0 | L99: ='Task Breakdown'!P320 -> 0 | ... P99: ='Task Breakdown'!T320 -> 0 | Q99: =SUM(E99:P99) -> 49 | R99: =IF($Q$216>0,Q99/$Q$216,0) -> 0.007579273
A100: ='Task Breakdown'!A321 -> DR-2.02.08 | B100: ='Task Breakdown'!G321 -> Detailed design and design review | E100: ='Task Breakdown'!I321 -> 0 | F100: ='Task Breakdown'!J321 -> 0 | G100: ='Task Breakdown'!K321 -> 0 | H100: ='Task Breakdown'!L321 -> 0 | I100: ='Task Breakdown'!M321 -> 18 | J100: ='Task Breakdown'!N321 -> 0 | K100: ='Task Breakdown'!O321 -> 0 | L100: ='Task Breakdown'!P321 -> 0 | ... P100: ='Task Breakdown'!T321 -> 0 | Q100: =SUM(E100:P100) -> 18 | R100: =IF($Q$216>0,Q100/$Q$216,0) -> 0.0027842227
A101: ='Task Breakdown'!A322 -> DR-2.02.09 | B101: ='Task Breakdown'!G322 -> Promote through dev / test / prod and release | E101: ='Task Breakdown'!I322 -> 0 | F101: ='Task Breakdown'!J322 -> 0 | G101: ='Task Breakdown'!K322 -> 12 | H101: ='Task Breakdown'!L322 -> 0 | I101: ='Task Breakdown'!M322 -> 0 | J101: ='Task Breakdown'!N322 -> 0 | K101: ='Task Breakdown'!O322 -> 0 | L101: ='Task Breakdown'!P322 -> 0 | ... P101: ='Task Breakdown'!T322 -> 0 | Q101: =SUM(E101:P101) -> 12 | R101: =IF($Q$216>0,Q101/$Q$216,0) -> 0.0018561485
A102: ='Task Breakdown'!A323 -> DR-2.02.10 | B102: ='Task Breakdown'!G323 -> Documentation, runbook and knowledge transfer | E102: ='Task Breakdown'!I323 -> 0 | F102: ='Task Breakdown'!J323 -> 0 | G102: ='Task Breakdown'!K323 -> 0 | H102: ='Task Breakdown'!L323 -> 0 | I102: ='Task Breakdown'!M323 -> 0 | J102: ='Task Breakdown'!N323 -> 12 | K102: ='Task Breakdown'!O323 -> 0 | L102: ='Task Breakdown'!P323 -> 0 | ... P102: ='Task Breakdown'!T323 -> 0 | Q102: =SUM(E102:P102) -> 12 | R102: =IF($Q$216>0,Q102/$Q$216,0) -> 0.0018561485
...

Sheet Phase 3
A1: Phase 3: tasks and hours for each item (Scale / Enrich / Expand)
A2: Bold rows are the slide items; the rows beneath are their implementation tasks (green = linked to Task Breakdown).
A4: ID | B4: Item / task | C4: Owner team | D4: Deliverable | E4: PM | F4: CA | G4: DO | H4: SE | I4: AIA | J4: AIE | K4: DE | L4: DG | M4: DEV | N4: BA | O4: QA | P4: CM | Q4: Total hours | R4: % of phase
A5: AI Platform Setup: Scale
A6: PS-3.01 | B6: Redis semantic, embedding and response caches | C6: Platform Engineering | D6: Cache layer | E6: =SUM(E7:E16) -> 0 | F6: =SUM(F7:F16) -> 15 | G6: =SUM(G7:G16) -> 54 | H6: =SUM(H7:H16) -> 0 | I6: =SUM(I7:I16) -> 0 | J6: =SUM(J7:J16) -> 63 | K6: =SUM(K7:K16) -> 0 | L6: =SUM(L7:L16) -> 0 | ... Q6: =SUM(Q7:Q16) -> 148 | R6: =IF($Q$230>0,Q6/$Q$230,0) -> 0.016854572
A7: ='Task Breakdown'!A135 -> PS-3.01.01 | B7: ='Task Breakdown'!G135 -> Design cache strategy and TTLs (semantic, embedding, response) | E7: ='Task Breakdown'!I135 -> 0 | F7: ='Task Breakdown'!J135 -> 8 | G7: ='Task Breakdown'!K135 -> 0 | H7: ='Task Breakdown'!L135 -> 0 | I7: ='Task Breakdown'!M135 -> 0 | J7: ='Task Breakdown'!N135 -> 8 | K7: ='Task Breakdown'!O135 -> 0 | L7: ='Task Breakdown'!P135 -> 0 | ... P7: ='Task Breakdown'!T135 -> 0 | Q7: =SUM(E7:P7) -> 16 | R7: =IF($Q$230>0,Q7/$Q$230,0) -> 0.0018221159
A8: ='Task Breakdown'!A136 -> PS-3.01.02 | B8: ='Task Breakdown'!G136 -> Deploy Azure Cache for Redis with private endpoint | E8: ='Task Breakdown'!I136 -> 0 | F8: ='Task Breakdown'!J136 -> 0 | G8: ='Task Breakdown'!K136 -> 25 | H8: ='Task Breakdown'!L136 -> 0 | I8: ='Task Breakdown'!M136 -> 0 | J8: ='Task Breakdown'!N136 -> 0 | K8: ='Task Breakdown'!O136 -> 0 | L8: ='Task Breakdown'!P136 -> 0 | ... P8: ='Task Breakdown'!T136 -> 0 | Q8: =SUM(E8:P8) -> 25 | R8: =IF($Q$230>0,Q8/$Q$230,0) -> 0.0028470561
A9: ='Task Breakdown'!A137 -> PS-3.01.03 | B9: ='Task Breakdown'!G137 -> Implement semantic cache in the AI gateway | E9: ='Task Breakdown'!I137 -> 0 | F9: ='Task Breakdown'!J137 -> 0 | G9: ='Task Breakdown'!K137 -> 12 | H9: ='Task Breakdown'!L137 -> 0 | I9: ='Task Breakdown'!M137 -> 0 | J9: ='Task Breakdown'!N137 -> 20 | K9: ='Task Breakdown'!O137 -> 0 | L9: ='Task Breakdown'!P137 -> 0 | ... P9: ='Task Breakdown'!T137 -> 0 | Q9: =SUM(E9:P9) -> 32 | R9: =IF($Q$230>0,Q9/$Q$230,0) -> 0.0036442319
A10: ='Task Breakdown'!A138 -> PS-3.01.04 | B10: ='Task Breakdown'!G138 -> Implement embedding cache in the ingestion pipeline | E10: ='Task Breakdown'!I138 -> 0 | F10: ='Task Breakdown'!J138 -> 0 | G10: ='Task Breakdown'!K138 -> 0 | H10: ='Task Breakdown'!L138 -> 0 | I10: ='Task Breakdown'!M138 -> 0 | J10: ='Task Breakdown'!N138 -> 12 | K10: ='Task Breakdown'!O138 -> 0 | L10: ='Task Breakdown'!P138 -> 0 | ... P10: ='Task Breakdown'!T138 -> 0 | Q10: =SUM(E10:P10) -> 12 | R10: =IF($Q$230>0,Q10/$Q$230,0) -> 0.0013665869
A11: ='Task Breakdown'!A139 -> PS-3.01.05 | B11: ='Task Breakdown'!G139 -> Add cache metrics and invalidation | E11: ='Task Breakdown'!I139 -> 0 | F11: ='Task Breakdown'!J139 -> 0 | G11: ='Task Breakdown'!K139 -> 12 | H11: ='Task Breakdown'!L139 -> 0 | I11: ='Task Breakdown'!M139 -> 0 | J11: ='Task Breakdown'!N139 -> 8 | K11: ='Task Breakdown'!O139 -> 0 | L11: ='Task Breakdown'!P139 -> 0 | ... P11: ='Task Breakdown'!T139 -> 0 | Q11: =SUM(E11:P11) -> 20 | R11: =IF($Q$230>0,Q11/$Q$230,0) -> 0.0022776449
A12: ='Task Breakdown'!A140 -> PS-3.01.06 | B12: ='Task Breakdown'!G140 -> Measure hit rate and answer correctness | E12: ='Task Breakdown'!I140 -> 0 | F12: ='Task Breakdown'!J140 -> 0 | G12: ='Task Breakdown'!K140 -> 0 | H12: ='Task Breakdown'!L140 -> 0 | I12: ='Task Breakdown'!M140 -> 0 | J12: ='Task Breakdown'!N140 -> 0 | K12: ='Task Breakdown'!O140 -> 0 | L12: ='Task Breakdown'!P140 -> 0 | ... P12: ='Task Breakdown'!T140 -> 0 | Q12: =SUM(E12:P12) -> 16 | R12: =IF($Q$230>0,Q12/$Q$230,0) -> 0.0018221159
A13: ='Task Breakdown'!A141 -> PS-3.01.07 | B13: ='Task Breakdown'!G141 -> Detailed design and design review | E13: ='Task Breakdown'!I141 -> 0 | F13: ='Task Breakdown'!J141 -> 7 | G13: ='Task Breakdown'!K141 -> 0 | H13: ='Task Breakdown'!L141 -> 0 | I13: ='Task Breakdown'!M141 -> 0 | J13: ='Task Breakdown'!N141 -> 0 | K13: ='Task Breakdown'!O141 -> 0 | L13: ='Task Breakdown'!P141 -> 0 | ... P13: ='Task Breakdown'!T141 -> 0 | Q13: =SUM(E13:P13) -> 7 | R13: =IF($Q$230>0,Q13/$Q$230,0) -> 0.00079717572
A14: ='Task Breakdown'!A142 -> PS-3.01.08 | B14: ='Task Breakdown'!G142 -> Promote through dev / test / prod and release | E14: ='Task Breakdown'!I142 -> 0 | F14: ='Task Breakdown'!J142 -> 0 | G14: ='Task Breakdown'!K142 -> 5 | H14: ='Task Breakdown'!L142 -> 0 | I14: ='Task Breakdown'!M142 -> 0 | J14: ='Task Breakdown'!N142 -> 0 | K14: ='Task Breakdown'!O142 -> 0 | L14: ='Task Breakdown'!P142 -> 0 | ... P14: ='Task Breakdown'!T142 -> 0 | Q14: =SUM(E14:P14) -> 5 | R14: =IF($Q$230>0,Q14/$Q$230,0) -> 0.00056941123
A15: ='Task Breakdown'!A143 -> PS-3.01.09 | B15: ='Task Breakdown'!G143 -> Documentation, runbook and knowledge transfer | E15: ='Task Breakdown'!I143 -> 0 | F15: ='Task Breakdown'!J143 -> 0 | G15: ='Task Breakdown'!K143 -> 0 | H15: ='Task Breakdown'!L143 -> 0 | I15: ='Task Breakdown'!M143 -> 0 | J15: ='Task Breakdown'!N143 -> 5 | K15: ='Task Breakdown'!O143 -> 0 | L15: ='Task Breakdown'!P143 -> 0 | ... P15: ='Task Breakdown'!T143 -> 0 | Q15: =SUM(E15:P15) -> 5 | R15: =IF($Q$230>0,Q15/$Q$230,0) -> 0.00056941123
A16: ='Task Breakdown'!A144 -> PS-3.01.10 | B16: ='Task Breakdown'!G144 -> Defect fixing and rework after testing | E16: ='Task Breakdown'!I144 -> 0 | F16: ='Task Breakdown'!J144 -> 0 | G16: ='Task Breakdown'!K144 -> 0 | H16: ='Task Breakdown'!L144 -> 0 | I16: ='Task Breakdown'!M144 -> 0 | J16: ='Task Breakdown'!N144 -> 10 | K16: ='Task Breakdown'!O144 -> 0 | L16: ='Task Breakdown'!P144 -> 0 | ... P16: ='Task Breakdown'!T144 -> 0 | Q16: =SUM(E16:P16) -> 10 | R16: =IF($Q$230>0,Q16/$Q$230,0) -> 0.0011388225
A17: PS-3.02 | B17: Service Bus, Event Grid, Durable Functions | C17: Platform Engineering | D17: Event bus and async workflows | E17: =SUM(E18:E28) -> 0 | F17: =SUM(F18:F28) -> 33 | G17: =SUM(G18:G28) -> 136 | H17: =SUM(H18:H28) -> 0 | I17: =SUM(I18:I28) -> 0 | J17: =SUM(J18:J28) -> 0 | K17: =SUM(K18:K28) -> 0 | L17: =SUM(L18:L28) -> 0 | ... Q17: =SUM(Q18:Q28) -> 261 | R17: =IF($Q$230>0,Q17/$Q$230,0) -> 0.029723266
A18: ='Task Breakdown'!A145 -> PS-3.02.01 | B18: ='Task Breakdown'!G145 -> Design event model, topics and queues | E18: ='Task Breakdown'!I145 -> 0 | F18: ='Task Breakdown'!J145 -> 20 | G18: ='Task Breakdown'!K145 -> 0 | H18: ='Task Breakdown'!L145 -> 0 | I18: ='Task Breakdown'!M145 -> 0 | J18: ='Task Breakdown'!N145 -> 0 | K18: ='Task Breakdown'!O145 -> 0 | L18: ='Task Breakdown'!P145 -> 0 | ... P18: ='Task Breakdown'!T145 -> 0 | Q18: =SUM(E18:P18) -> 20 | R18: =IF($Q$230>0,Q18/$Q$230,0) -> 0.0022776449
A19: ='Task Breakdown'!A146 -> PS-3.02.02 | B19: ='Task Breakdown'!G146 -> Deploy Service Bus namespaces, topics and dead-letter queues | E19: ='Task Breakdown'!I146 -> 0 | F19: ='Task Breakdown'!J146 -> 0 | G19: ='Task Breakdown'!K146 -> 31 | H19: ='Task Breakdown'!L146 -> 0 | I19: ='Task Breakdown'!M146 -> 0 | J19: ='Task Breakdown'!N146 -> 0 | K19: ='Task Breakdown'!O146 -> 0 | L19: ='Task Breakdown'!P146 -> 0 | ... P19: ='Task Breakdown'!T146 -> 0 | Q19: =SUM(E19:P19) -> 31 | R19: =IF($Q$230>0,Q19/$Q$230,0) -> 0.0035303496
A20: ='Task Breakdown'!A147 -> PS-3.02.03 | B20: ='Task Breakdown'!G147 -> Deploy Event Grid topics and subscriptions | E20: ='Task Breakdown'!I147 -> 0 | F20: ='Task Breakdown'!J147 -> 0 | G20: ='Task Breakdown'!K147 -> 20 | H20: ='Task Breakdown'!L147 -> 0 | I20: ='Task Breakdown'!M147 -> 0 | J20: ='Task Breakdown'!N147 -> 0 | K20: ='Task Breakdown'!O147 -> 0 | L20: ='Task Breakdown'!P147 -> 0 | ... P20: ='Task Breakdown'!T147 -> 0 | Q20: =SUM(E20:P20) -> 20 | R20: =IF($Q$230>0,Q20/$Q$230,0) -> 0.0022776449
A21: ='Task Breakdown'!A148 -> PS-3.02.04 | B21: ='Task Breakdown'!G148 -> Build Durable Functions for long-running agent workflows | E21: ='Task Breakdown'!I148 -> 0 | F21: ='Task Breakdown'!J148 -> 0 | G21: ='Task Breakdown'!K148 -> 20 | H21: ='Task Breakdown'!L148 -> 0 | I21: ='Task Breakdown'!M148 -> 0 | J21: ='Task Breakdown'!N148 -> 0 | K21: ='Task Breakdown'!O148 -> 0 | L21: ='Task Breakdown'!P148 -> 0 | ... P21: ='Task Breakdown'!T148 -> 0 | Q21: =SUM(E21:P21) -> 61 | R21: =IF($Q$230>0,Q21/$Q$230,0) -> 0.006946817
A22: ='Task Breakdown'!A149 -> PS-3.02.05 | B22: ='Task Breakdown'!G149 -> Build Logic Apps for notifications and approvals | E22: ='Task Breakdown'!I149 -> 0 | F22: ='Task Breakdown'!J149 -> 0 | G22: ='Task Breakdown'!K149 -> 10 | H22: ='Task Breakdown'!L149 -> 0 | I22: ='Task Breakdown'!M149 -> 0 | J22: ='Task Breakdown'!N149 -> 0 | K22: ='Task Breakdown'!O149 -> 0 | L22: ='Task Breakdown'!P149 -> 0 | ... P22: ='Task Breakdown'!T149 -> 0 | Q22: =SUM(E22:P22) -> 30 | R22: =IF($Q$230>0,Q22/$Q$230,0) -> 0.0034164674
A23: ='Task Breakdown'!A150 -> PS-3.02.06 | B23: ='Task Breakdown'!G150 -> Set up monitoring and dead-letter alerting | E23: ='Task Breakdown'!I150 -> 0 | F23: ='Task Breakdown'!J150 -> 0 | G23: ='Task Breakdown'!K150 -> 20 | H23: ='Task Breakdown'!L150 -> 0 | I23: ='Task Breakdown'!M150 -> 0 | J23: ='Task Breakdown'!N150 -> 0 | K23: ='Task Breakdown'!O150 -> 0 | L23: ='Task Breakdown'!P150 -> 0 | ... P23: ='Task Breakdown'!T150 -> 0 | Q23: =SUM(E23:P23) -> 20 | R23: =IF($Q$230>0,Q23/$Q$230,0) -> 0.0022776449
A24: ='Task Breakdown'!A151 -> PS-3.02.07 | B24: ='Task Breakdown'!G151 -> Test retries, ordering and poison-message handling | E24: ='Task Breakdown'!I151 -> 0 | F24: ='Task Breakdown'!J151 -> 0 | G24: ='Task Breakdown'!K151 -> 0 | H24: ='Task Breakdown'!L151 -> 0 | I24: ='Task Breakdown'!M151 -> 0 | J24: ='Task Breakdown'!N151 -> 0 | K24: ='Task Breakdown'!O151 -> 0 | L24: ='Task Breakdown'!P151 -> 0 | ... P24: ='Task Breakdown'!T151 -> 0 | Q24: =SUM(E24:P24) -> 31 | R24: =IF($Q$230>0,Q24/$Q$230,0) -> 0.0035303496
A25: ='Task Breakdown'!A152 -> PS-3.02.08 | B25: ='Task Breakdown'!G152 -> Detailed design and design review | E25: ='Task Breakdown'!I152 -> 0 | F25: ='Task Breakdown'!J152 -> 13 | G25: ='Task Breakdown'!K152 -> 0 | H25: ='Task Breakdown'!L152 -> 0 | I25: ='Task Breakdown'!M152 -> 0 | J25: ='Task Breakdown'!N152 -> 0 | K25: ='Task Breakdown'!O152 -> 0 | L25: ='Task Breakdown'!P152 -> 0 | ... P25: ='Task Breakdown'!T152 -> 0 | Q25: =SUM(E25:P25) -> 13 | R25: =IF($Q$230>0,Q25/$Q$230,0) -> 0.0014804692
A26: ='Task Breakdown'!A153 -> PS-3.02.09 | B26: ='Task Breakdown'!G153 -> Promote through dev / test / prod and release | E26: ='Task Breakdown'!I153 -> 0 | F26: ='Task Breakdown'!J153 -> 0 | G26: ='Task Breakdown'!K153 -> 9 | H26: ='Task Breakdown'!L153 -> 0 | I26: ='Task Breakdown'!M153 -> 0 | J26: ='Task Breakdown'!N153 -> 0 | K26: ='Task Breakdown'!O153 -> 0 | L26: ='Task Breakdown'!P153 -> 0 | ... P26: ='Task Breakdown'!T153 -> 0 | Q26: =SUM(E26:P26) -> 9 | R26: =IF($Q$230>0,Q26/$Q$230,0) -> 0.0010249402
A27: ='Task Breakdown'!A154 -> PS-3.02.10 | B27: ='Task Breakdown'!G154 -> Documentation, runbook and knowledge transfer | E27: ='Task Breakdown'!I154 -> 0 | F27: ='Task Breakdown'!J154 -> 0 | G27: ='Task Breakdown'!K154 -> 9 | H27: ='Task Breakdown'!L154 -> 0 | I27: ='Task Breakdown'!M154 -> 0 | J27: ='Task Breakdown'!N154 -> 0 | K27: ='Task Breakdown'!O154 -> 0 | L27: ='Task Breakdown'!P154 -> 0 | ... P27: ='Task Breakdown'!T154 -> 0 | Q27: =SUM(E27:P27) -> 9 | R27: =IF($Q$230>0,Q27/$Q$230,0) -> 0.0010249402
A28: ='Task Breakdown'!A155 -> PS-3.02.11 | B28: ='Task Breakdown'!G155 -> Defect fixing and rework after testing | E28: ='Task Breakdown'!I155 -> 0 | F28: ='Task Breakdown'!J155 -> 0 | G28: ='Task Breakdown'!K155 -> 17 | H28: ='Task Breakdown'!L155 -> 0 | I28: ='Task Breakdown'!M155 -> 0 | J28: ='Task Breakdown'!N155 -> 0 | K28: ='Task Breakdown'!O155 -> 0 | L28: ='Task Breakdown'!P155 -> 0 | ... P28: ='Task Breakdown'!T155 -> 0 | Q28: =SUM(E28:P28) -> 17 | R28: =IF($Q$230>0,Q28/$Q$230,0) -> 0.0019359982
A29: PS-3.03 | B29: Tool and MCP registry with permissions | C29: Foundry | D29: MCP tool registry | E29: =SUM(E30:E40) -> 0 | F29: =SUM(F30:F40) -> 0 | G29: =SUM(G30:G40) -> 16 | H29: =SUM(H30:H40) -> 57 | I29: =SUM(I30:I40) -> 82 | J29: =SUM(J30:J40) -> 219 | K29: =SUM(K30:K40) -> 0 | L29: =SUM(L30:L40) -> 0 | ... Q29: =SUM(Q30:Q40) -> 488 | R29: =IF($Q$230>0,Q29/$Q$230,0) -> 0.055574536
A30: ='Task Breakdown'!A156 -> PS-3.03.01 | B30: ='Task Breakdown'!G156 -> Define MCP server standards and tool contract | E30: ='Task Breakdown'!I156 -> 0 | F30: ='Task Breakdown'!J156 -> 0 | G30: ='Task Breakdown'!K156 -> 0 | H30: ='Task Breakdown'!L156 -> 0 | I30: ='Task Breakdown'!M156 -> 29 | J30: ='Task Breakdown'!N156 -> 0 | K30: ='Task Breakdown'!O156 -> 0 | L30: ='Task Breakdown'!P156 -> 0 | ... P30: ='Task Breakdown'!T156 -> 0 | Q30: =SUM(E30:P30) -> 29 | R30: =IF($Q$230>0,Q30/$Q$230,0) -> 0.0033025851
A31: ='Task Breakdown'!A157 -> PS-3.03.02 | B31: ='Task Breakdown'!G157 -> Build tool registry (catalog, owners, versions) | E31: ='Task Breakdown'!I157 -> 0 | F31: ='Task Breakdown'!J157 -> 0 | G31: ='Task Breakdown'!K157 -> 0 | H31: ='Task Breakdown'!L157 -> 0 | I31: ='Task Breakdown'!M157 -> 0 | J31: ='Task Breakdown'!N157 -> 43 | K31: ='Task Breakdown'!O157 -> 0 | L31: ='Task Breakdown'!P157 -> 0 | ... P31: ='Task Breakdown'!T157 -> 0 | Q31: =SUM(E31:P31) -> 86 | R31: =IF($Q$230>0,Q31/$Q$230,0) -> 0.0097938731
A32: ='Task Breakdown'!A158 -> PS-3.03.03 | B32: ='Task Breakdown'!G158 -> Build MCP servers: SAP S/4HANA, SharePoint, AVEVA PI, FactoryTalk MES, Coupa, Azure SQL | E32: ='Task Breakdown'!I158 -> 0 | F32: ='Task Breakdown'!J158 -> 0 | G32: ='Task Breakdown'!K158 -> 0 | H32: ='Task Breakdown'!L158 -> 0 | I32: ='Task Breakdown'!M158 -> 0 | J32: ='Task Breakdown'!N158 -> 100 | K32: ='Task Breakdown'!O158 -> 0 | L32: ='Task Breakdown'!P158 -> 0 | ... P32: ='Task Breakdown'!T158 -> 0 | Q32: =SUM(E32:P32) -> 100 | R32: =IF($Q$230>0,Q32/$Q$230,0) -> 0.011388225
A33: ='Task Breakdown'!A159 -> PS-3.03.04 | B33: ='Task Breakdown'!G159 -> Implement per-tool permissions and on-behalf-of authentication | E33: ='Task Breakdown'!I159 -> 0 | F33: ='Task Breakdown'!J159 -> 0 | G33: ='Task Breakdown'!K159 -> 0 | H33: ='Task Breakdown'!L159 -> 43 | I33: ='Task Breakdown'!M159 -> 0 | J33: ='Task Breakdown'!N159 -> 14 | K33: ='Task Breakdown'!O159 -> 0 | L33: ='Task Breakdown'!P159 -> 0 | ... P33: ='Task Breakdown'!T159 -> 0 | Q33: =SUM(E33:P33) -> 57 | R33: =IF($Q$230>0,Q33/$Q$230,0) -> 0.006491288
A34: ='Task Breakdown'!A160 -> PS-3.03.05 | B34: ='Task Breakdown'!G160 -> Register MCP servers behind APIM | E34: ='Task Breakdown'!I160 -> 0 | F34: ='Task Breakdown'!J160 -> 0 | G34: ='Task Breakdown'!K160 -> 0 | H34: ='Task Breakdown'!L160 -> 0 | I34: ='Task Breakdown'!M160 -> 0 | J34: ='Task Breakdown'!N160 -> 14 | K34: ='Task Breakdown'!O160 -> 0 | L34: ='Task Breakdown'!P160 -> 0 | ... P34: ='Task Breakdown'!T160 -> 0 | Q34: =SUM(E34:P34) -> 28 | R34: =IF($Q$230>0,Q34/$Q$230,0) -> 0.0031887029
A35: ='Task Breakdown'!A161 -> PS-3.03.06 | B35: ='Task Breakdown'!G161 -> Threat-model tools (read vs write actions) | E35: ='Task Breakdown'!I161 -> 0 | F35: ='Task Breakdown'!J161 -> 0 | G35: ='Task Breakdown'!K161 -> 0 | H35: ='Task Breakdown'!L161 -> 14 | I35: ='Task Breakdown'!M161 -> 29 | J35: ='Task Breakdown'!N161 -> 0 | K35: ='Task Breakdown'!O161 -> 0 | L35: ='Task Breakdown'!P161 -> 0 | ... P35: ='Task Breakdown'!T161 -> 0 | Q35: =SUM(E35:P35) -> 43 | R35: =IF($Q$230>0,Q35/$Q$230,0) -> 0.0048969366
A36: ='Task Breakdown'!A162 -> PS-3.03.07 | B36: ='Task Breakdown'!G162 -> Contract and permission testing | E36: ='Task Breakdown'!I162 -> 0 | F36: ='Task Breakdown'!J162 -> 0 | G36: ='Task Breakdown'!K162 -> 0 | H36: ='Task Breakdown'!L162 -> 0 | I36: ='Task Breakdown'!M162 -> 0 | J36: ='Task Breakdown'!N162 -> 0 | K36: ='Task Breakdown'!O162 -> 0 | L36: ='Task Breakdown'!P162 -> 0 | ... P36: ='Task Breakdown'!T162 -> 0 | Q36: =SUM(E36:P36) -> 57 | R36: =IF($Q$230>0,Q36/$Q$230,0) -> 0.006491288
A37: ='Task Breakdown'!A163 -> PS-3.03.08 | B37: ='Task Breakdown'!G163 -> Detailed design and design review | E37: ='Task Breakdown'!I163 -> 0 | F37: ='Task Breakdown'!J163 -> 0 | G37: ='Task Breakdown'!K163 -> 0 | H37: ='Task Breakdown'!L163 -> 0 | I37: ='Task Breakdown'!M163 -> 24 | J37: ='Task Breakdown'!N163 -> 0 | K37: ='Task Breakdown'!O163 -> 0 | L37: ='Task Breakdown'!P163 -> 0 | ... P37: ='Task Breakdown'!T163 -> 0 | Q37: =SUM(E37:P37) -> 24 | R37: =IF($Q$230>0,Q37/$Q$230,0) -> 0.0027331739
A38: ='Task Breakdown'!A164 -> PS-3.03.09 | B38: ='Task Breakdown'!G164 -> Promote through dev / test / prod and release | E38: ='Task Breakdown'!I164 -> 0 | F38: ='Task Breakdown'!J164 -> 0 | G38: ='Task Breakdown'!K164 -> 16 | H38: ='Task Breakdown'!L164 -> 0 | I38: ='Task Breakdown'!M164 -> 0 | J38: ='Task Breakdown'!N164 -> 0 | K38: ='Task Breakdown'!O164 -> 0 | L38: ='Task Breakdown'!P164 -> 0 | ... P38: ='Task Breakdown'!T164 -> 0 | Q38: =SUM(E38:P38) -> 16 | R38: =IF($Q$230>0,Q38/$Q$230,0) -> 0.0018221159
A39: ='Task Breakdown'!A165 -> PS-3.03.10 | B39: ='Task Breakdown'!G165 -> Documentation, runbook and knowledge transfer | E39: ='Task Breakdown'!I165 -> 0 | F39: ='Task Breakdown'!J165 -> 0 | G39: ='Task Breakdown'!K165 -> 0 | H39: ='Task Breakdown'!L165 -> 0 | I39: ='Task Breakdown'!M165 -> 0 | J39: ='Task Breakdown'!N165 -> 16 | K39: ='Task Breakdown'!O165 -> 0 | L39: ='Task Breakdown'!P165 -> 0 | ... P39: ='Task Breakdown'!T165 -> 0 | Q39: =SUM(E39:P39) -> 16 | R39: =IF($Q$230>0,Q39/$Q$230,0) -> 0.0018221159
A40: ='Task Breakdown'!A166 -> PS-3.03.11 | B40: ='Task Breakdown'!G166 -> Defect fixing and rework after testing | E40: ='Task Breakdown'!I166 -> 0 | F40: ='Task Breakdown'!J166 -> 0 | G40: ='Task Breakdown'!K166 -> 0 | H40: ='Task Breakdown'!L166 -> 0 | I40: ='Task Breakdown'!M166 -> 0 | J40: ='Task Breakdown'!N166 -> 32 | K40: ='Task Breakdown'!O166 -> 0 | L40: ='Task Breakdown'!P166 -> 0 | ... P40: ='Task Breakdown'!T166 -> 0 | Q40: =SUM(E40:P40) -> 32 | R40: =IF($Q$230>0,Q40/$Q$230,0) -> 0.0036442319
A41: PS-3.04 | B41: Human-in-the-loop review and escalation | C41: Foundry | D41: Approval and escalation workflows | E41: =SUM(E42:E52) -> 0 | F41: =SUM(F42:F52) -> 0 | G41: =SUM(G42:G52) -> 13 | H41: =SUM(H42:H52) -> 0 | I41: =SUM(I42:I52) -> 19 | J41: =SUM(J42:J52) -> 73 | K41: =SUM(K42:K52) -> 0 | L41: =SUM(L42:L52) -> 0 | ... Q41: =SUM(Q42:Q52) -> 388 | R41: =IF($Q$230>0,Q41/$Q$230,0) -> 0.044186311
A42: ='Task Breakdown'!A167 -> PS-3.04.01 | B42: ='Task Breakdown'!G167 -> Define approval points and escalation rules with the business | E42: ='Task Breakdown'!I167 -> 0 | F42: ='Task Breakdown'!J167 -> 0 | G42: ='Task Breakdown'!K167 -> 0 | H42: ='Task Breakdown'!L167 -> 0 | I42: ='Task Breakdown'!M167 -> 0 | J42: ='Task Breakdown'!N167 -> 0 | K42: ='Task Breakdown'!O167 -> 0 | L42: ='Task Breakdown'!P167 -> 0 | ... P42: ='Task Breakdown'!T167 -> 0 | Q42: =SUM(E42:P42) -> 37 | R42: =IF($Q$230>0,Q42/$Q$230,0) -> 0.0042136431
A43: ='Task Breakdown'!A168 -> PS-3.04.02 | B43: ='Task Breakdown'!G168 -> Build approval request UI (Teams adaptive cards and web) | E43: ='Task Breakdown'!I168 -> 0 | F43: ='Task Breakdown'!J168 -> 0 | G43: ='Task Breakdown'!K168 -> 0 | H43: ='Task Breakdown'!L168 -> 0 | I43: ='Task Breakdown'!M168 -> 0 | J43: ='Task Breakdown'!N168 -> 0 | K43: ='Task Breakdown'!O168 -> 0 | L43: ='Task Breakdown'!P168 -> 0 | ... P43: ='Task Breakdown'!T168 -> 0 | Q43: =SUM(E43:P43) -> 73 | R43: =IF($Q$230>0,Q43/$Q$230,0) -> 0.0083134039
A44: ='Task Breakdown'!A169 -> PS-3.04.03 | B44: ='Task Breakdown'!G169 -> Implement pause / resume in the orchestrator | E44: ='Task Breakdown'!I169 -> 0 | F44: ='Task Breakdown'!J169 -> 0 | G44: ='Task Breakdown'!K169 -> 0 | H44: ='Task Breakdown'!L169 -> 0 | I44: ='Task Breakdown'!M169 -> 0 | J44: ='Task Breakdown'!N169 -> 49 | K44: ='Task Breakdown'!O169 -> 0 | L44: ='Task Breakdown'!P169 -> 0 | ... P44: ='Task Breakdown'!T169 -> 0 | Q44: =SUM(E44:P44) -> 49 | R44: =IF($Q$230>0,Q44/$Q$230,0) -> 0.00558023
A45: ='Task Breakdown'!A170 -> PS-3.04.04 | B45: ='Task Breakdown'!G170 -> Build edit-and-feedback capture | E45: ='Task Breakdown'!I170 -> 0 | F45: ='Task Breakdown'!J170 -> 0 | G45: ='Task Breakdown'!K170 -> 0 | H45: ='Task Breakdown'!L170 -> 0 | I45: ='Task Breakdown'!M170 -> 0 | J45: ='Task Breakdown'!N170 -> 12 | K45: ='Task Breakdown'!O170 -> 0 | L45: ='Task Breakdown'!P170 -> 0 | ... P45: ='Task Breakdown'!T170 -> 0 | Q45: =SUM(E45:P45) -> 49 | R45: =IF($Q$230>0,Q45/$Q$230,0) -> 0.00558023
A46: ='Task Breakdown'!A171 -> PS-3.04.05 | B46: ='Task Breakdown'!G171 -> Build escalation and SLA timers | E46: ='Task Breakdown'!I171 -> 0 | F46: ='Task Breakdown'!J171 -> 0 | G46: ='Task Breakdown'!K171 -> 0 | H46: ='Task Breakdown'!L171 -> 0 | I46: ='Task Breakdown'!M171 -> 0 | J46: ='Task Breakdown'!N171 -> 12 | K46: ='Task Breakdown'!O171 -> 0 | L46: ='Task Breakdown'!P171 -> 0 | ... P46: ='Task Breakdown'!T171 -> 0 | Q46: =SUM(E46:P46) -> 49 | R46: =IF($Q$230>0,Q46/$Q$230,0) -> 0.00558023
A47: ='Task Breakdown'!A172 -> PS-3.04.06 | B47: ='Task Breakdown'!G172 -> Define audit trail of decisions | E47: ='Task Breakdown'!I172 -> 0 | F47: ='Task Breakdown'!J172 -> 0 | G47: ='Task Breakdown'!K172 -> 0 | H47: ='Task Breakdown'!L172 -> 0 | I47: ='Task Breakdown'!M172 -> 0 | J47: ='Task Breakdown'!N172 -> 0 | K47: ='Task Breakdown'!O172 -> 0 | L47: ='Task Breakdown'!P172 -> 0 | ... P47: ='Task Breakdown'!T172 -> 0 | Q47: =SUM(E47:P47) -> 12 | R47: =IF($Q$230>0,Q47/$Q$230,0) -> 0.0013665869
A48: ='Task Breakdown'!A173 -> PS-3.04.07 | B48: ='Task Breakdown'!G173 -> Test approval and timeout scenarios | E48: ='Task Breakdown'!I173 -> 0 | F48: ='Task Breakdown'!J173 -> 0 | G48: ='Task Breakdown'!K173 -> 0 | H48: ='Task Breakdown'!L173 -> 0 | I48: ='Task Breakdown'!M173 -> 0 | J48: ='Task Breakdown'!N173 -> 0 | K48: ='Task Breakdown'!O173 -> 0 | L48: ='Task Breakdown'!P173 -> 0 | ... P48: ='Task Breakdown'!T173 -> 0 | Q48: =SUM(E48:P48) -> 49 | R48: =IF($Q$230>0,Q48/$Q$230,0) -> 0.00558023
A49: ='Task Breakdown'!A174 -> PS-3.04.08 | B49: ='Task Breakdown'!G174 -> Detailed design and design review | E49: ='Task Breakdown'!I174 -> 0 | F49: ='Task Breakdown'!J174 -> 0 | G49: ='Task Breakdown'!K174 -> 0 | H49: ='Task Breakdown'!L174 -> 0 | I49: ='Task Breakdown'!M174 -> 19 | J49: ='Task Breakdown'!N174 -> 0 | K49: ='Task Breakdown'!O174 -> 0 | L49: ='Task Breakdown'!P174 -> 0 | ... P49: ='Task Breakdown'!T174 -> 0 | Q49: =SUM(E49:P49) -> 19 | R49: =IF($Q$230>0,Q49/$Q$230,0) -> 0.0021637627
A50: ='Task Breakdown'!A175 -> PS-3.04.09 | B50: ='Task Breakdown'!G175 -> Promote through dev / test / prod and release | E50: ='Task Breakdown'!I175 -> 0 | F50: ='Task Breakdown'!J175 -> 0 | G50: ='Task Breakdown'!K175 -> 13 | H50: ='Task Breakdown'!L175 -> 0 | I50: ='Task Breakdown'!M175 -> 0 | J50: ='Task Breakdown'!N175 -> 0 | K50: ='Task Breakdown'!O175 -> 0 | L50: ='Task Breakdown'!P175 -> 0 | ... P50: ='Task Breakdown'!T175 -> 0 | Q50: =SUM(E50:P50) -> 13 | R50: =IF($Q$230>0,Q50/$Q$230,0) -> 0.0014804692
A51: ='Task Breakdown'!A176 -> PS-3.04.10 | B51: ='Task Breakdown'!G176 -> Documentation, runbook and knowledge transfer | E51: ='Task Breakdown'!I176 -> 0 | F51: ='Task Breakdown'!J176 -> 0 | G51: ='Task Breakdown'!K176 -> 0 | H51: ='Task Breakdown'!L176 -> 0 | I51: ='Task Breakdown'!M176 -> 0 | J51: ='Task Breakdown'!N176 -> 0 | K51: ='Task Breakdown'!O176 -> 0 | L51: ='Task Breakdown'!P176 -> 0 | ... P51: ='Task Breakdown'!T176 -> 0 | Q51: =SUM(E51:P51) -> 13 | R51: =IF($Q$230>0,Q51/$Q$230,0) -> 0.0014804692
A52: ='Task Breakdown'!A177 -> PS-3.04.11 | B52: ='Task Breakdown'!G177 -> Defect fixing and rework after testing | E52: ='Task Breakdown'!I177 -> 0 | F52: ='Task Breakdown'!J177 -> 0 | G52: ='Task Breakdown'!K177 -> 0 | H52: ='Task Breakdown'!L177 -> 0 | I52: ='Task Breakdown'!M177 -> 0 | J52: ='Task Breakdown'!N177 -> 0 | K52: ='Task Breakdown'!O177 -> 0 | L52: ='Task Breakdown'!P177 -> 0 | ... P52: ='Task Breakdown'!T177 -> 0 | Q52: =SUM(E52:P52) -> 25 | R52: =IF($Q$230>0,Q52/$Q$230,0) -> 0.0028470561
A53: PS-3.05 | B53: Admin panel: agent registry, users, policies | C53: Platform Engineering | D53: Admin portal | E53: =SUM(E54:E64) -> 0 | F53: =SUM(F54:F64) -> 24 | G53: =SUM(G54:G64) -> 16 | H53: =SUM(H54:H64) -> 24 | I53: =SUM(I54:I64) -> 0 | J53: =SUM(J54:J64) -> 0 | K53: =SUM(K54:K64) -> 0 | L53: =SUM(L54:L64) -> 0 | ... Q53: =SUM(Q54:Q64) -> 477 | R53: =IF($Q$230>0,Q53/$Q$230,0) -> 0.054321831
A54: ='Task Breakdown'!A178 -> PS-3.05.01 | B54: ='Task Breakdown'!G178 -> Gather admin requirements and wireframes | E54: ='Task Breakdown'!I178 -> 0 | F54: ='Task Breakdown'!J178 -> 0 | G54: ='Task Breakdown'!K178 -> 0 | H54: ='Task Breakdown'!L178 -> 0 | I54: ='Task Breakdown'!M178 -> 0 | J54: ='Task Breakdown'!N178 -> 0 | K54: ='Task Breakdown'!O178 -> 0 | L54: ='Task Breakdown'!P178 -> 0 | ... P54: ='Task Breakdown'!T178 -> 0 | Q54: =SUM(E54:P54) -> 37 | R54: =IF($Q$230>0,Q54/$Q$230,0) -> 0.0042136431
A55: ='Task Breakdown'!A179 -> PS-3.05.02 | B55: ='Task Breakdown'!G179 -> Build agent registry screens (create, version, enable / disable) | E55: ='Task Breakdown'!I179 -> 0 | F55: ='Task Breakdown'!J179 -> 0 | G55: ='Task Breakdown'!K179 -> 0 | H55: ='Task Breakdown'!L179 -> 0 | I55: ='Task Breakdown'!M179 -> 0 | J55: ='Task Breakdown'!N179 -> 0 | K55: ='Task Breakdown'!O179 -> 0 | L55: ='Task Breakdown'!P179 -> 0 | ... P55: ='Task Breakdown'!T179 -> 0 | Q55: =SUM(E55:P55) -> 73 | R55: =IF($Q$230>0,Q55/$Q$230,0) -> 0.0083134039
A56: ='Task Breakdown'!A180 -> PS-3.05.03 | B56: ='Task Breakdown'!G180 -> Build user and role management screens | E56: ='Task Breakdown'!I180 -> 0 | F56: ='Task Breakdown'!J180 -> 0 | G56: ='Task Breakdown'!K180 -> 0 | H56: ='Task Breakdown'!L180 -> 12 | I56: ='Task Breakdown'!M180 -> 0 | J56: ='Task Breakdown'!N180 -> 0 | K56: ='Task Breakdown'!O180 -> 0 | L56: ='Task Breakdown'!P180 -> 0 | ... P56: ='Task Breakdown'!T180 -> 0 | Q56: =SUM(E56:P56) -> 61 | R56: =IF($Q$230>0,Q56/$Q$230,0) -> 0.006946817
A57: ='Task Breakdown'!A181 -> PS-3.05.04 | B57: ='Task Breakdown'!G181 -> Build policy, prompt and knowledge-base management screens | E57: ='Task Breakdown'!I181 -> 0 | F57: ='Task Breakdown'!J181 -> 0 | G57: ='Task Breakdown'!K181 -> 0 | H57: ='Task Breakdown'!L181 -> 0 | I57: ='Task Breakdown'!M181 -> 0 | J57: ='Task Breakdown'!N181 -> 0 | K57: ='Task Breakdown'!O181 -> 0 | L57: ='Task Breakdown'!P181 -> 0 | ... P57: ='Task Breakdown'!T181 -> 0 | Q57: =SUM(E57:P57) -> 61 | R57: =IF($Q$230>0,Q57/$Q$230,0) -> 0.006946817
A58: ='Task Breakdown'!A182 -> PS-3.05.05 | B58: ='Task Breakdown'!G182 -> Build logs, usage and chargeback views | E58: ='Task Breakdown'!I182 -> 0 | F58: ='Task Breakdown'!J182 -> 0 | G58: ='Task Breakdown'!K182 -> 0 | H58: ='Task Breakdown'!L182 -> 0 | I58: ='Task Breakdown'!M182 -> 0 | J58: ='Task Breakdown'!N182 -> 0 | K58: ='Task Breakdown'!O182 -> 0 | L58: ='Task Breakdown'!P182 -> 0 | ... P58: ='Task Breakdown'!T182 -> 0 | Q58: =SUM(E58:P58) -> 61 | R58: =IF($Q$230>0,Q58/$Q$230,0) -> 0.006946817
A59: ='Task Breakdown'!A183 -> PS-3.05.06 | B59: ='Task Breakdown'!G183 -> Security review | E59: ='Task Breakdown'!I183 -> 0 | F59: ='Task Breakdown'!J183 -> 0 | G59: ='Task Breakdown'!K183 -> 0 | H59: ='Task Breakdown'!L183 -> 12 | I59: ='Task Breakdown'!M183 -> 0 | J59: ='Task Breakdown'!N183 -> 0 | K59: ='Task Breakdown'!O183 -> 0 | L59: ='Task Breakdown'!P183 -> 0 | ... P59: ='Task Breakdown'!T183 -> 0 | Q59: =SUM(E59:P59) -> 12 | R59: =IF($Q$230>0,Q59/$Q$230,0) -> 0.0013665869
A60: ='Task Breakdown'!A184 -> PS-3.05.07 | B60: ='Task Breakdown'!G184 -> UAT with administrators | E60: ='Task Breakdown'!I184 -> 0 | F60: ='Task Breakdown'!J184 -> 0 | G60: ='Task Breakdown'!K184 -> 0 | H60: ='Task Breakdown'!L184 -> 0 | I60: ='Task Breakdown'!M184 -> 0 | J60: ='Task Breakdown'!N184 -> 0 | K60: ='Task Breakdown'!O184 -> 0 | L60: ='Task Breakdown'!P184 -> 0 | ... P60: ='Task Breakdown'!T184 -> 0 | Q60: =SUM(E60:P60) -> 85 | R60: =IF($Q$230>0,Q60/$Q$230,0) -> 0.0096799909
A61: ='Task Breakdown'!A185 -> PS-3.05.08 | B61: ='Task Breakdown'!G185 -> Detailed design and design review | E61: ='Task Breakdown'!I185 -> 0 | F61: ='Task Breakdown'!J185 -> 24 | G61: ='Task Breakdown'!K185 -> 0 | H61: ='Task Breakdown'!L185 -> 0 | I61: ='Task Breakdown'!M185 -> 0 | J61: ='Task Breakdown'!N185 -> 0 | K61: ='Task Breakdown'!O185 -> 0 | L61: ='Task Breakdown'!P185 -> 0 | ... P61: ='Task Breakdown'!T185 -> 0 | Q61: =SUM(E61:P61) -> 24 | R61: =IF($Q$230>0,Q61/$Q$230,0) -> 0.0027331739
A62: ='Task Breakdown'!A186 -> PS-3.05.09 | B62: ='Task Breakdown'!G186 -> Promote through dev / test / prod and release | E62: ='Task Breakdown'!I186 -> 0 | F62: ='Task Breakdown'!J186 -> 0 | G62: ='Task Breakdown'!K186 -> 16 | H62: ='Task Breakdown'!L186 -> 0 | I62: ='Task Breakdown'!M186 -> 0 | J62: ='Task Breakdown'!N186 -> 0 | K62: ='Task Breakdown'!O186 -> 0 | L62: ='Task Breakdown'!P186 -> 0 | ... P62: ='Task Breakdown'!T186 -> 0 | Q62: =SUM(E62:P62) -> 16 | R62: =IF($Q$230>0,Q62/$Q$230,0) -> 0.0018221159
A63: ='Task Breakdown'!A187 -> PS-3.05.10 | B63: ='Task Breakdown'!G187 -> Documentation, runbook and knowledge transfer | E63: ='Task Breakdown'!I187 -> 0 | F63: ='Task Breakdown'!J187 -> 0 | G63: ='Task Breakdown'!K187 -> 0 | H63: ='Task Breakdown'!L187 -> 0 | I63: ='Task Breakdown'!M187 -> 0 | J63: ='Task Breakdown'!N187 -> 0 | K63: ='Task Breakdown'!O187 -> 0 | L63: ='Task Breakdown'!P187 -> 0 | ... P63: ='Task Breakdown'!T187 -> 0 | Q63: =SUM(E63:P63) -> 16 | R63: =IF($Q$230>0,Q63/$Q$230,0) -> 0.0018221159
A64: ='Task Breakdown'!A188 -> PS-3.05.11 | B64: ='Task Breakdown'!G188 -> Defect fixing and rework after testing | E64: ='Task Breakdown'!I188 -> 0 | F64: ='Task Breakdown'!J188 -> 0 | G64: ='Task Breakdown'!K188 -> 0 | H64: ='Task Breakdown'!L188 -> 0 | I64: ='Task Breakdown'!M188 -> 0 | J64: ='Task Breakdown'!N188 -> 0 | K64: ='Task Breakdown'!O188 -> 0 | L64: ='Task Breakdown'!P188 -> 0 | ... P64: ='Task Breakdown'!T188 -> 0 | Q64: =SUM(E64:P64) -> 31 | R64: =IF($Q$230>0,Q64/$Q$230,0) -> 0.0035303496
A65: PS-3.06 | B65: Tracing in Azure Monitor and App Insights | C65: Platform Engineering | D65: Dashboards and traces | E65: =SUM(E66:E74) -> 0 | F65: =SUM(F66:F74) -> 7 | G65: =SUM(G66:G74) -> 101 | H65: =SUM(H66:H74) -> 0 | I65: =SUM(I66:I74) -> 0 | J65: =SUM(J66:J74) -> 41 | K65: =SUM(K66:K74) -> 0 | L65: =SUM(L66:L74) -> 0 | ... Q65: =SUM(Q66:Q74) -> 149 | R65: =IF($Q$230>0,Q65/$Q$230,0) -> 0.016968455
A66: ='Task Breakdown'!A189 -> PS-3.06.01 | B66: ='Task Breakdown'!G189 -> Instrument services with OpenTelemetry | E66: ='Task Breakdown'!I189 -> 0 | F66: ='Task Breakdown'!J189 -> 0 | G66: ='Task Breakdown'!K189 -> 10 | H66: ='Task Breakdown'!L189 -> 0 | I66: ='Task Breakdown'!M189 -> 0 | J66: ='Task Breakdown'!N189 -> 26 | K66: ='Task Breakdown'!O189 -> 0 | L66: ='Task Breakdown'!P189 -> 0 | ... P66: ='Task Breakdown'!T189 -> 0 | Q66: =SUM(E66:P66) -> 36 | R66: =IF($Q$230>0,Q66/$Q$230,0) -> 0.0040997608
A67: ='Task Breakdown'!A190 -> PS-3.06.02 | B67: ='Task Breakdown'!G190 -> Enable Foundry tracing for agent runs | E67: ='Task Breakdown'!I190 -> 0 | F67: ='Task Breakdown'!J190 -> 0 | G67: ='Task Breakdown'!K190 -> 0 | H67: ='Task Breakdown'!L190 -> 0 | I67: ='Task Breakdown'!M190 -> 0 | J67: ='Task Breakdown'!N190 -> 15 | K67: ='Task Breakdown'!O190 -> 0 | L67: ='Task Breakdown'!P190 -> 0 | ... P67: ='Task Breakdown'!T190 -> 0 | Q67: =SUM(E67:P67) -> 15 | R67: =IF($Q$230>0,Q67/$Q$230,0) -> 0.0017082337
A68: ='Task Breakdown'!A191 -> PS-3.06.03 | B68: ='Task Breakdown'!G191 -> Configure Log Analytics workspaces and retention | E68: ='Task Breakdown'!I191 -> 0 | F68: ='Task Breakdown'!J191 -> 0 | G68: ='Task Breakdown'!K191 -> 20 | H68: ='Task Breakdown'!L191 -> 0 | I68: ='Task Breakdown'!M191 -> 0 | J68: ='Task Breakdown'!N191 -> 0 | K68: ='Task Breakdown'!O191 -> 0 | L68: ='Task Breakdown'!P191 -> 0 | ... P68: ='Task Breakdown'!T191 -> 0 | Q68: =SUM(E68:P68) -> 20 | R68: =IF($Q$230>0,Q68/$Q$230,0) -> 0.0022776449
A69: ='Task Breakdown'!A192 -> PS-3.06.04 | B69: ='Task Breakdown'!G192 -> Build dashboards: latency, errors, token use, agent steps | E69: ='Task Breakdown'!I192 -> 0 | F69: ='Task Breakdown'!J192 -> 0 | G69: ='Task Breakdown'!K192 -> 31 | H69: ='Task Breakdown'!L192 -> 0 | I69: ='Task Breakdown'!M192 -> 0 | J69: ='Task Breakdown'!N192 -> 0 | K69: ='Task Breakdown'!O192 -> 0 | L69: ='Task Breakdown'!P192 -> 0 | ... P69: ='Task Breakdown'!T192 -> 0 | Q69: =SUM(E69:P69) -> 31 | R69: =IF($Q$230>0,Q69/$Q$230,0) -> 0.0035303496
A70: ='Task Breakdown'!A193 -> PS-3.06.05 | B70: ='Task Breakdown'!G193 -> Set up trace correlation across gateway, agents and tools | E70: ='Task Breakdown'!I193 -> 0 | F70: ='Task Breakdown'!J193 -> 0 | G70: ='Task Breakdown'!K193 -> 20 | H70: ='Task Breakdown'!L193 -> 0 | I70: ='Task Breakdown'!M193 -> 0 | J70: ='Task Breakdown'!N193 -> 0 | K70: ='Task Breakdown'!O193 -> 0 | L70: ='Task Breakdown'!P193 -> 0 | ... P70: ='Task Breakdown'!T193 -> 0 | Q70: =SUM(E70:P70) -> 20 | R70: =IF($Q$230>0,Q70/$Q$230,0) -> 0.0022776449
A71: ='Task Breakdown'!A194 -> PS-3.06.06 | B71: ='Task Breakdown'!G194 -> Detailed design and design review | E71: ='Task Breakdown'!I194 -> 0 | F71: ='Task Breakdown'!J194 -> 7 | G71: ='Task Breakdown'!K194 -> 0 | H71: ='Task Breakdown'!L194 -> 0 | I71: ='Task Breakdown'!M194 -> 0 | J71: ='Task Breakdown'!N194 -> 0 | K71: ='Task Breakdown'!O194 -> 0 | L71: ='Task Breakdown'!P194 -> 0 | ... P71: ='Task Breakdown'!T194 -> 0 | Q71: =SUM(E71:P71) -> 7 | R71: =IF($Q$230>0,Q71/$Q$230,0) -> 0.00079717572
A72: ='Task Breakdown'!A195 -> PS-3.06.07 | B72: ='Task Breakdown'!G195 -> Promote through dev / test / prod and release | E72: ='Task Breakdown'!I195 -> 0 | F72: ='Task Breakdown'!J195 -> 0 | G72: ='Task Breakdown'!K195 -> 5 | H72: ='Task Breakdown'!L195 -> 0 | I72: ='Task Breakdown'!M195 -> 0 | J72: ='Task Breakdown'!N195 -> 0 | K72: ='Task Breakdown'!O195 -> 0 | L72: ='Task Breakdown'!P195 -> 0 | ... P72: ='Task Breakdown'!T195 -> 0 | Q72: =SUM(E72:P72) -> 5 | R72: =IF($Q$230>0,Q72/$Q$230,0) -> 0.00056941123
A73: ='Task Breakdown'!A196 -> PS-3.06.08 | B73: ='Task Breakdown'!G196 -> Documentation, runbook and knowledge transfer | E73: ='Task Breakdown'!I196 -> 0 | F73: ='Task Breakdown'!J196 -> 0 | G73: ='Task Breakdown'!K196 -> 5 | H73: ='Task Breakdown'!L196 -> 0 | I73: ='Task Breakdown'!M196 -> 0 | J73: ='Task Breakdown'!N196 -> 0 | K73: ='Task Breakdown'!O196 -> 0 | L73: ='Task Breakdown'!P196 -> 0 | ... P73: ='Task Breakdown'!T196 -> 0 | Q73: =SUM(E73:P73) -> 5 | R73: =IF($Q$230>0,Q73/$Q$230,0) -> 0.00056941123
A74: ='Task Breakdown'!A197 -> PS-3.06.09 | B74: ='Task Breakdown'!G197 -> Defect fixing and rework after testing | E74: ='Task Breakdown'!I197 -> 0 | F74: ='Task Breakdown'!J197 -> 0 | G74: ='Task Breakdown'!K197 -> 10 | H74: ='Task Breakdown'!L197 -> 0 | I74: ='Task Breakdown'!M197 -> 0 | J74: ='Task Breakdown'!N197 -> 0 | K74: ='Task Breakdown'!O197 -> 0 | L74: ='Task Breakdown'!P197 -> 0 | ... P74: ='Task Breakdown'!T197 -> 0 | Q74: =SUM(E74:P74) -> 10 | R74: =IF($Q$230>0,Q74/$Q$230,0) -> 0.0011388225
A75: PS-3.07 | B75: Platform security assessment and penetration test (added) | C75: Platform Engineering | D75: Pen-test report and closed findings | E75: =SUM(E76:E79) -> 0 | F75: =SUM(F76:F79) -> 8 | G75: =SUM(G76:G79) -> 24 | H75: =SUM(H76:H79) -> 65 | I75: =SUM(I76:I79) -> 0 | J75: =SUM(J76:J79) -> 16 | K75: =SUM(K76:K79) -> 0 | L75: =SUM(L76:L79) -> 0 | ... Q75: =SUM(Q76:Q79) -> 145 | R75: =IF($Q$230>0,Q75/$Q$230,0) -> 0.016512926
A76: ='Task Breakdown'!A661 -> PS-3.07.01 | B76: ='Task Breakdown'!G661 -> Threat-model the end-to-end platform | E76: ='Task Breakdown'!I661 -> 0 | F76: ='Task Breakdown'!J661 -> 8 | G76: ='Task Breakdown'!K661 -> 0 | H76: ='Task Breakdown'!L661 -> 16 | I76: ='Task Breakdown'!M661 -> 0 | J76: ='Task Breakdown'!N661 -> 0 | K76: ='Task Breakdown'!O661 -> 0 | L76: ='Task Breakdown'!P661 -> 0 | ... P76: ='Task Breakdown'!T661 -> 0 | Q76: =SUM(E76:P76) -> 24 | R76: =IF($Q$230>0,Q76/$Q$230,0) -> 0.0027331739
A77: ='Task Breakdown'!A662 -> PS-3.07.02 | B77: ='Task Breakdown'!G662 -> Scope and run external penetration test | E77: ='Task Breakdown'!I662 -> 0 | F77: ='Task Breakdown'!J662 -> 0 | G77: ='Task Breakdown'!K662 -> 0 | H77: ='Task Breakdown'!L662 -> 41 | I77: ='Task Breakdown'!M662 -> 0 | J77: ='Task Breakdown'!N662 -> 0 | K77: ='Task Breakdown'!O662 -> 0 | L77: ='Task Breakdown'!P662 -> 0 | ... P77: ='Task Breakdown'!T662 -> 0 | Q77: =SUM(E77:P77) -> 41 | R77: =IF($Q$230>0,Q77/$Q$230,0) -> 0.0046691721
A78: ='Task Breakdown'!A663 -> PS-3.07.03 | B78: ='Task Breakdown'!G663 -> Remediate findings across platform, agents and apps | E78: ='Task Breakdown'!I663 -> 0 | F78: ='Task Breakdown'!J663 -> 0 | G78: ='Task Breakdown'!K663 -> 24 | H78: ='Task Breakdown'!L663 -> 0 | I78: ='Task Breakdown'!M663 -> 0 | J78: ='Task Breakdown'!N663 -> 16 | K78: ='Task Breakdown'!O663 -> 0 | L78: ='Task Breakdown'!P663 -> 0 | ... P78: ='Task Breakdown'!T663 -> 0 | Q78: =SUM(E78:P78) -> 56 | R78: =IF($Q$230>0,Q78/$Q$230,0) -> 0.0063774058
A79: ='Task Breakdown'!A664 -> PS-3.07.04 | B79: ='Task Breakdown'!G664 -> Retest and close findings | E79: ='Task Breakdown'!I664 -> 0 | F79: ='Task Breakdown'!J664 -> 0 | G79: ='Task Breakdown'!K664 -> 0 | H79: ='Task Breakdown'!L664 -> 8 | I79: ='Task Breakdown'!M664 -> 0 | J79: ='Task Breakdown'!N664 -> 0 | K79: ='Task Breakdown'!O664 -> 0 | L79: ='Task Breakdown'!P664 -> 0 | ... P79: ='Task Breakdown'!T664 -> 0 | Q79: =SUM(E79:P79) -> 24 | R79: =IF($Q$230>0,Q79/$Q$230,0) -> 0.0027331739
A80: PS-3.08 | B80: Developer enablement and Foundry training (added) | C80: Foundry | D80: Training curriculum, labs, office hours | E80: =SUM(E81:E84) -> 0 | F80: =SUM(F81:F84) -> 0 | G80: =SUM(G81:G84) -> 0 | H80: =SUM(H81:H84) -> 0 | I80: =SUM(I81:I84) -> 24 | J80: =SUM(J81:J84) -> 64 | K80: =SUM(K81:K84) -> 0 | L80: =SUM(L81:L84) -> 0 | ... Q80: =SUM(Q81:Q84) -> 96 | R80: =IF($Q$230>0,Q80/$Q$230,0) -> 0.010932696
A81: ='Task Breakdown'!A669 -> PS-3.08.01 | B81: ='Task Breakdown'!G669 -> Build training curriculum for agent developers | E81: ='Task Breakdown'!I669 -> 0 | F81: ='Task Breakdown'!J669 -> 0 | G81: ='Task Breakdown'!K669 -> 0 | H81: ='Task Breakdown'!L669 -> 0 | I81: ='Task Breakdown'!M669 -> 16 | J81: ='Task Breakdown'!N669 -> 16 | K81: ='Task Breakdown'!O669 -> 0 | L81: ='Task Breakdown'!P669 -> 0 | ... P81: ='Task Breakdown'!T669 -> 0 | Q81: =SUM(E81:P81) -> 32 | R81: =IF($Q$230>0,Q81/$Q$230,0) -> 0.0036442319
A82: ='Task Breakdown'!A670 -> PS-3.08.02 | B82: ='Task Breakdown'!G670 -> Hands-on labs using Foundry templates | E82: ='Task Breakdown'!I670 -> 0 | F82: ='Task Breakdown'!J670 -> 0 | G82: ='Task Breakdown'!K670 -> 0 | H82: ='Task Breakdown'!L670 -> 0 | I82: ='Task Breakdown'!M670 -> 0 | J82: ='Task Breakdown'!N670 -> 24 | K82: ='Task Breakdown'!O670 -> 0 | L82: ='Task Breakdown'!P670 -> 0 | ... P82: ='Task Breakdown'!T670 -> 0 | Q82: =SUM(E82:P82) -> 24 | R82: =IF($Q$230>0,Q82/$Q$230,0) -> 0.0027331739
A83: ='Task Breakdown'!A671 -> PS-3.08.03 | B83: ='Task Breakdown'!G671 -> Weekly office hours and design clinics | E83: ='Task Breakdown'!I671 -> 0 | F83: ='Task Breakdown'!J671 -> 0 | G83: ='Task Breakdown'!K671 -> 0 | H83: ='Task Breakdown'!L671 -> 0 | I83: ='Task Breakdown'!M671 -> 8 | J83: ='Task Breakdown'!N671 -> 24 | K83: ='Task Breakdown'!O671 -> 0 | L83: ='Task Breakdown'!P671 -> 0 | ... P83: ='Task Breakdown'!T671 -> 0 | Q83: =SUM(E83:P83) -> 32 | R83: =IF($Q$230>0,Q83/$Q$230,0) -> 0.0036442319
A84: ='Task Breakdown'!A672 -> PS-3.08.04 | B84: ='Task Breakdown'!G672 -> Enablement communications | E84: ='Task Breakdown'!I672 -> 0 | F84: ='Task Breakdown'!J672 -> 0 | G84: ='Task Breakdown'!K672 -> 0 | H84: ='Task Breakdown'!L672 -> 0 | I84: ='Task Breakdown'!M672 -> 0 | J84: ='Task Breakdown'!N672 -> 0 | K84: ='Task Breakdown'!O672 -> 0 | L84: ='Task Breakdown'!P672 -> 0 | ... P84: ='Task Breakdown'!T672 -> 8 | Q84: =SUM(E84:P84) -> 8 | R84: =IF($Q$230>0,Q84/$Q$230,0) -> 0.00091105797
B85: Subtotal: AI Platform Setup | E85: =E6+E17+E29+E41+E53+E65+E75+E80 -> 0 | F85: =F6+F17+F29+F41+F53+F65+F75+F80 -> 87 | G85: =G6+G17+G29+G41+G53+G65+G75+G80 -> 360 | H85: =H6+H17+H29+H41+H53+H65+H75+H80 -> 146 | I85: =I6+I17+I29+I41+I53+I65+I75+I80 -> 125 | J85: =J6+J17+J29+J41+J53+J65+J75+J80 -> 476 | K85: =K6+K17+K29+K41+K53+K65+K75+K80 -> 0 | L85: =L6+L17+L29+L41+L53+L65+L75+L80 -> 0 | ... Q85: =Q6+Q17+Q29+Q41+Q53+Q65+Q75+Q80 -> 2152 | R85: =IF($Q$230>0,Q85/$Q$230,0) -> 0.24507459
A87: AI Data Readiness: Enrich
A88: DR-3.01 | B88: Knowledge graph: Cosmos DB Gremlin, GraphRAG | C88: Foundry | D88: Knowledge graph | E88: =SUM(E89:E99) -> 0 | F88: =SUM(F89:F99) -> 0 | G88: =SUM(G89:G99) -> 17 | H88: =SUM(H89:H99) -> 0 | I88: =SUM(I89:I99) -> 99 | J88: =SUM(J89:J99) -> 246 | K88: =SUM(K89:K99) -> 98 | L88: =SUM(L89:L99) -> 0 | ... Q88: =SUM(Q89:Q99) -> 509 | R88: =IF($Q$230>0,Q88/$Q$230,0) -> 0.057966063
A89: ='Task Breakdown'!A364 -> DR-3.01.01 | B89: ='Task Breakdown'!G364 -> Design ontology (plants, lines, equipment, products, specs, suppliers) | E89: ='Task Breakdown'!I364 -> 0 | F89: ='Task Breakdown'!J364 -> 0 | G89: ='Task Breakdown'!K364 -> 0 | H89: ='Task Breakdown'!L364 -> 0 | I89: ='Task Breakdown'!M364 -> 49 | J89: ='Task Breakdown'!N364 -> 0 | K89: ='Task Breakdown'!O364 -> 0 | L89: ='Task Breakdown'!P364 -> 0 | ... P89: ='Task Breakdown'!T364 -> 0 | Q89: =SUM(E89:P89) -> 49 | R89: =IF($Q$230>0,Q89/$Q$230,0) -> 0.00558023
A90: ='Task Breakdown'!A365 -> DR-3.01.02 | B90: ='Task Breakdown'!G365 -> Deploy Cosmos DB for Gremlin | E90: ='Task Breakdown'!I365 -> 0 | F90: ='Task Breakdown'!J365 -> 0 | G90: ='Task Breakdown'!K365 -> 0 | H90: ='Task Breakdown'!L365 -> 0 | I90: ='Task Breakdown'!M365 -> 0 | J90: ='Task Breakdown'!N365 -> 12 | K90: ='Task Breakdown'!O365 -> 0 | L90: ='Task Breakdown'!P365 -> 0 | ... P90: ='Task Breakdown'!T365 -> 0 | Q90: =SUM(E90:P90) -> 12 | R90: =IF($Q$230>0,Q90/$Q$230,0) -> 0.0013665869
A91: ='Task Breakdown'!A366 -> DR-3.01.03 | B91: ='Task Breakdown'!G366 -> Build graph load pipelines from SAP / MES master data | E91: ='Task Breakdown'!I366 -> 0 | F91: ='Task Breakdown'!J366 -> 0 | G91: ='Task Breakdown'!K366 -> 0 | H91: ='Task Breakdown'!L366 -> 0 | I91: ='Task Breakdown'!M366 -> 0 | J91: ='Task Breakdown'!N366 -> 0 | K91: ='Task Breakdown'!O366 -> 73 | L91: ='Task Breakdown'!P366 -> 0 | ... P91: ='Task Breakdown'!T366 -> 0 | Q91: =SUM(E91:P91) -> 73 | R91: =IF($Q$230>0,Q91/$Q$230,0) -> 0.0083134039
A92: ='Task Breakdown'!A367 -> DR-3.01.04 | B92: ='Task Breakdown'!G367 -> Implement GraphRAG indexing over documents | E92: ='Task Breakdown'!I367 -> 0 | F92: ='Task Breakdown'!J367 -> 0 | G92: ='Task Breakdown'!K367 -> 0 | H92: ='Task Breakdown'!L367 -> 0 | I92: ='Task Breakdown'!M367 -> 0 | J92: ='Task Breakdown'!N367 -> 98 | K92: ='Task Breakdown'!O367 -> 0 | L92: ='Task Breakdown'!P367 -> 0 | ... P92: ='Task Breakdown'!T367 -> 0 | Q92: =SUM(E92:P92) -> 98 | R92: =IF($Q$230>0,Q92/$Q$230,0) -> 0.01116046
A93: ='Task Breakdown'!A368 -> DR-3.01.05 | B93: ='Task Breakdown'!G368 -> Build graph query tools for agents (Gremlin / Cypher) | E93: ='Task Breakdown'!I368 -> 0 | F93: ='Task Breakdown'!J368 -> 0 | G93: ='Task Breakdown'!K368 -> 0 | H93: ='Task Breakdown'!L368 -> 0 | I93: ='Task Breakdown'!M368 -> 0 | J93: ='Task Breakdown'!N368 -> 61 | K93: ='Task Breakdown'!O368 -> 0 | L93: ='Task Breakdown'!P368 -> 0 | ... P93: ='Task Breakdown'!T368 -> 0 | Q93: =SUM(E93:P93) -> 61 | R93: =IF($Q$230>0,Q93/$Q$230,0) -> 0.006946817
A94: ='Task Breakdown'!A369 -> DR-3.01.06 | B94: ='Task Breakdown'!G369 -> Validate ontology with SMEs | E94: ='Task Breakdown'!I369 -> 0 | F94: ='Task Breakdown'!J369 -> 0 | G94: ='Task Breakdown'!K369 -> 0 | H94: ='Task Breakdown'!L369 -> 0 | I94: ='Task Breakdown'!M369 -> 25 | J94: ='Task Breakdown'!N369 -> 0 | K94: ='Task Breakdown'!O369 -> 25 | L94: ='Task Breakdown'!P369 -> 0 | ... P94: ='Task Breakdown'!T369 -> 0 | Q94: =SUM(E94:P94) -> 50 | R94: =IF($Q$230>0,Q94/$Q$230,0) -> 0.0056941123
A95: ='Task Breakdown'!A370 -> DR-3.01.07 | B95: ='Task Breakdown'!G370 -> Graph quality testing | E95: ='Task Breakdown'!I370 -> 0 | F95: ='Task Breakdown'!J370 -> 0 | G95: ='Task Breakdown'!K370 -> 0 | H95: ='Task Breakdown'!L370 -> 0 | I95: ='Task Breakdown'!M370 -> 0 | J95: ='Task Breakdown'!N370 -> 25 | K95: ='Task Breakdown'!O370 -> 0 | L95: ='Task Breakdown'!P370 -> 0 | ... P95: ='Task Breakdown'!T370 -> 0 | Q95: =SUM(E95:P95) -> 74 | R95: =IF($Q$230>0,Q95/$Q$230,0) -> 0.0084272862
A96: ='Task Breakdown'!A371 -> DR-3.01.08 | B96: ='Task Breakdown'!G371 -> Detailed design and design review | E96: ='Task Breakdown'!I371 -> 0 | F96: ='Task Breakdown'!J371 -> 0 | G96: ='Task Breakdown'!K371 -> 0 | H96: ='Task Breakdown'!L371 -> 0 | I96: ='Task Breakdown'!M371 -> 25 | J96: ='Task Breakdown'!N371 -> 0 | K96: ='Task Breakdown'!O371 -> 0 | L96: ='Task Breakdown'!P371 -> 0 | ... P96: ='Task Breakdown'!T371 -> 0 | Q96: =SUM(E96:P96) -> 25 | R96: =IF($Q$230>0,Q96/$Q$230,0) -> 0.0028470561
A97: ='Task Breakdown'!A372 -> DR-3.01.09 | B97: ='Task Breakdown'!G372 -> Promote through dev / test / prod and release | E97: ='Task Breakdown'!I372 -> 0 | F97: ='Task Breakdown'!J372 -> 0 | G97: ='Task Breakdown'!K372 -> 17 | H97: ='Task Breakdown'!L372 -> 0 | I97: ='Task Breakdown'!M372 -> 0 | J97: ='Task Breakdown'!N372 -> 0 | K97: ='Task Breakdown'!O372 -> 0 | L97: ='Task Breakdown'!P372 -> 0 | ... P97: ='Task Breakdown'!T372 -> 0 | Q97: =SUM(E97:P97) -> 17 | R97: =IF($Q$230>0,Q97/$Q$230,0) -> 0.0019359982
A98: ='Task Breakdown'!A373 -> DR-3.01.10 | B98: ='Task Breakdown'!G373 -> Documentation, runbook and knowledge transfer | E98: ='Task Breakdown'!I373 -> 0 | F98: ='Task Breakdown'!J373 -> 0 | G98: ='Task Breakdown'!K373 -> 0 | H98: ='Task Breakdown'!L373 -> 0 | I98: ='Task Breakdown'!M373 -> 0 | J98: ='Task Breakdown'!N373 -> 17 | K98: ='Task Breakdown'!O373 -> 0 | L98: ='Task Breakdown'!P373 -> 0 | ... P98: ='Task Breakdown'!T373 -> 0 | Q98: =SUM(E98:P98) -> 17 | R98: =IF($Q$230>0,Q98/$Q$230,0) -> 0.0019359982
A99: ='Task Breakdown'!A374 -> DR-3.01.11 | B99: ='Task Breakdown'!G374 -> Defect fixing and rework after testing | E99: ='Task Breakdown'!I374 -> 0 | F99: ='Task Breakdown'!J374 -> 0 | G99: ='Task Breakdown'!K374 -> 0 | H99: ='Task Breakdown'!L374 -> 0 | I99: ='Task Breakdown'!M374 -> 0 | J99: ='Task Breakdown'!N374 -> 33 | K99: ='Task Breakdown'!O374 -> 0 | L99: ='Task Breakdown'!P374 -> 0 | ... P99: ='Task Breakdown'!T374 -> 0 | Q99: =SUM(E99:P99) -> 33 | R99: =IF($Q$230>0,Q99/$Q$230,0) -> 0.0037581141
A100: DR-3.02 | B100: Entity extraction and relationship linking | C100: Foundry | D100: Entity extraction model | E100: =SUM(E101:E109) -> 0 | F100: =SUM(F101:F109) -> 0 | G100: =SUM(G101:G109) -> 9 | H100: =SUM(H101:H109) -> 0 | I100: =SUM(I101:I109) -> 14 | J100: =SUM(J101:J109) -> 149 | K100: =SUM(K101:K109) -> 61 | L100: =SUM(L101:L109) -> 0 | ... Q100: =SUM(Q101:Q109) -> 273 | R100: =IF($Q$230>0,Q100/$Q$230,0) -> 0.031089853
A101: ='Task Breakdown'!A375 -> DR-3.02.01 | B101: ='Task Breakdown'!G375 -> Define entity types and linking rules | E101: ='Task Breakdown'!I375 -> 0 | F101: ='Task Breakdown'!J375 -> 0 | G101: ='Task Breakdown'!K375 -> 0 | H101: ='Task Breakdown'!L375 -> 0 | I101: ='Task Breakdown'!M375 -> 0 | J101: ='Task Breakdown'!N375 -> 10 | K101: ='Task Breakdown'!O375 -> 0 | L101: ='Task Breakdown'!P375 -> 0 | ... P101: ='Task Breakdown'!T375 -> 0 | Q101: =SUM(E101:P101) -> 30 | R101: =IF($Q$230>0,Q101/$Q$230,0) -> 0.0034164674
A102: ='Task Breakdown'!A376 -> DR-3.02.02 | B102: ='Task Breakdown'!G376 -> Build LLM / AI Language extraction pipeline | E102: ='Task Breakdown'!I376 -> 0 | F102: ='Task Breakdown'!J376 -> 0 | G102: ='Task Breakdown'!K376 -> 0 | H102: ='Task Breakdown'!L376 -> 0 | I102: ='Task Breakdown'!M376 -> 0 | J102: ='Task Breakdown'!N376 -> 51 | K102: ='Task Breakdown'!O376 -> 0 | L102: ='Task Breakdown'!P376 -> 0 | ... P102: ='Task Breakdown'!T376 -> 0 | Q102: =SUM(E102:P102) -> 51 | R102: =IF($Q$230>0,Q102/$Q$230,0) -> 0.0058079945
...

Sheet Phase 4
A1: Phase 4: tasks and hours for each item (Optimize / Sustain / Industrialize)
A2: Bold rows are the slide items; the rows beneath are their implementation tasks (green = linked to Task Breakdown).
A4: ID | B4: Item / task | C4: Owner team | D4: Deliverable | E4: PM | F4: CA | G4: DO | H4: SE | I4: AIA | J4: AIE | K4: DE | L4: DG | M4: DEV | N4: BA | O4: QA | P4: CM | Q4: Total hours | R4: % of phase
A5: AI Platform Setup: Optimize
A6: PS-4.01 | B6: Evaluation: AI eval SDK, RAGAS, hallucination checks | C6: Foundry | D6: Evaluation suite and quality gates | E6: =SUM(E7:E17) -> 0 | F6: =SUM(F7:F17) -> 0 | G6: =SUM(G7:G17) -> 12 | H6: =SUM(H7:H17) -> 0 | I6: =SUM(I7:I17) -> 42 | J6: =SUM(J7:J17) -> 208 | K6: =SUM(K7:K17) -> 0 | L6: =SUM(L7:L17) -> 0 | ... Q6: =SUM(Q7:Q17) -> 359 | R6: =IF($Q$199>0,Q6/$Q$199,0) -> 0.065980518
A7: ='Task Breakdown'!A198 -> PS-4.01.01 | B7: ='Task Breakdown'!G198 -> Define evaluation metrics per use case (groundedness, relevance, correctness, safety) | E7: ='Task Breakdown'!I198 -> 0 | F7: ='Task Breakdown'!J198 -> 0 | G7: ='Task Breakdown'!K198 -> 0 | H7: ='Task Breakdown'!L198 -> 0 | I7: ='Task Breakdown'!M198 -> 12 | J7: ='Task Breakdown'!N198 -> 0 | K7: ='Task Breakdown'!O198 -> 0 | L7: ='Task Breakdown'!P198 -> 0 | ... P7: ='Task Breakdown'!T198 -> 0 | Q7: =SUM(E7:P7) -> 24 | R7: =IF($Q$199>0,Q7/$Q$199,0) -> 0.0044109539
A8: ='Task Breakdown'!A199 -> PS-4.01.02 | B8: ='Task Breakdown'!G199 -> Set up Azure AI evaluation SDK and RAGAS pipeline | E8: ='Task Breakdown'!I199 -> 0 | F8: ='Task Breakdown'!J199 -> 0 | G8: ='Task Breakdown'!K199 -> 0 | H8: ='Task Breakdown'!L199 -> 0 | I8: ='Task Breakdown'!M199 -> 0 | J8: ='Task Breakdown'!N199 -> 49 | K8: ='Task Breakdown'!O199 -> 0 | L8: ='Task Breakdown'!P199 -> 0 | ... P8: ='Task Breakdown'!T199 -> 0 | Q8: =SUM(E8:P8) -> 49 | R8: =IF($Q$199>0,Q8/$Q$199,0) -> 0.0090056975
A9: ='Task Breakdown'!A200 -> PS-4.01.03 | B9: ='Task Breakdown'!G200 -> Build hallucination and groundedness checks | E9: ='Task Breakdown'!I200 -> 0 | F9: ='Task Breakdown'!J200 -> 0 | G9: ='Task Breakdown'!K200 -> 0 | H9: ='Task Breakdown'!L200 -> 0 | I9: ='Task Breakdown'!M200 -> 0 | J9: ='Task Breakdown'!N200 -> 37 | K9: ='Task Breakdown'!O200 -> 0 | L9: ='Task Breakdown'!P200 -> 0 | ... P9: ='Task Breakdown'!T200 -> 0 | Q9: =SUM(E9:P9) -> 37 | R9: =IF($Q$199>0,Q9/$Q$199,0) -> 0.0068002205
A10: ='Task Breakdown'!A201 -> PS-4.01.04 | B10: ='Task Breakdown'!G201 -> Add evaluation gate to CI/CD | E10: ='Task Breakdown'!I201 -> 0 | F10: ='Task Breakdown'!J201 -> 0 | G10: ='Task Breakdown'!K201 -> 0 | H10: ='Task Breakdown'!L201 -> 0 | I10: ='Task Breakdown'!M201 -> 0 | J10: ='Task Breakdown'!N201 -> 31 | K10: ='Task Breakdown'!O201 -> 0 | L10: ='Task Breakdown'!P201 -> 0 | ... P10: ='Task Breakdown'!T201 -> 0 | Q10: =SUM(E10:P10) -> 31 | R10: =IF($Q$199>0,Q10/$Q$199,0) -> 0.0056974821
A11: ='Task Breakdown'!A202 -> PS-4.01.05 | B11: ='Task Breakdown'!G202 -> Run online evaluation on sampled production traffic | E11: ='Task Breakdown'!I202 -> 0 | F11: ='Task Breakdown'!J202 -> 0 | G11: ='Task Breakdown'!K202 -> 0 | H11: ='Task Breakdown'!L202 -> 0 | I11: ='Task Breakdown'!M202 -> 0 | J11: ='Task Breakdown'!N202 -> 37 | K11: ='Task Breakdown'!O202 -> 0 | L11: ='Task Breakdown'!P202 -> 0 | ... P11: ='Task Breakdown'!T202 -> 0 | Q11: =SUM(E11:P11) -> 37 | R11: =IF($Q$199>0,Q11/$Q$199,0) -> 0.0068002205
A12: ='Task Breakdown'!A203 -> PS-4.01.06 | B12: ='Task Breakdown'!G203 -> Build evaluation dashboard | E12: ='Task Breakdown'!I203 -> 0 | F12: ='Task Breakdown'!J203 -> 0 | G12: ='Task Breakdown'!K203 -> 0 | H12: ='Task Breakdown'!L203 -> 0 | I12: ='Task Breakdown'!M203 -> 12 | J12: ='Task Breakdown'!N203 -> 18 | K12: ='Task Breakdown'!O203 -> 0 | L12: ='Task Breakdown'!P203 -> 0 | ... P12: ='Task Breakdown'!T203 -> 0 | Q12: =SUM(E12:P12) -> 30 | R12: =IF($Q$199>0,Q12/$Q$199,0) -> 0.0055136923
A13: ='Task Breakdown'!A204 -> PS-4.01.07 | B13: ='Task Breakdown'!G204 -> Review results with the business | E13: ='Task Breakdown'!I204 -> 0 | F13: ='Task Breakdown'!J204 -> 0 | G13: ='Task Breakdown'!K204 -> 0 | H13: ='Task Breakdown'!L204 -> 0 | I13: ='Task Breakdown'!M204 -> 0 | J13: ='Task Breakdown'!N204 -> 0 | K13: ='Task Breakdown'!O204 -> 0 | L13: ='Task Breakdown'!P204 -> 0 | ... P13: ='Task Breakdown'!T204 -> 0 | Q13: =SUM(E13:P13) -> 85 | R13: =IF($Q$199>0,Q13/$Q$199,0) -> 0.015622128
A14: ='Task Breakdown'!A205 -> PS-4.01.08 | B14: ='Task Breakdown'!G205 -> Detailed design and design review | E14: ='Task Breakdown'!I205 -> 0 | F14: ='Task Breakdown'!J205 -> 0 | G14: ='Task Breakdown'!K205 -> 0 | H14: ='Task Breakdown'!L205 -> 0 | I14: ='Task Breakdown'!M205 -> 18 | J14: ='Task Breakdown'!N205 -> 0 | K14: ='Task Breakdown'!O205 -> 0 | L14: ='Task Breakdown'!P205 -> 0 | ... P14: ='Task Breakdown'!T205 -> 0 | Q14: =SUM(E14:P14) -> 18 | R14: =IF($Q$199>0,Q14/$Q$199,0) -> 0.0033082154
A15: ='Task Breakdown'!A206 -> PS-4.01.09 | B15: ='Task Breakdown'!G206 -> Promote through dev / test / prod and release | E15: ='Task Breakdown'!I206 -> 0 | F15: ='Task Breakdown'!J206 -> 0 | G15: ='Task Breakdown'!K206 -> 12 | H15: ='Task Breakdown'!L206 -> 0 | I15: ='Task Breakdown'!M206 -> 0 | J15: ='Task Breakdown'!N206 -> 0 | K15: ='Task Breakdown'!O206 -> 0 | L15: ='Task Breakdown'!P206 -> 0 | ... P15: ='Task Breakdown'!T206 -> 0 | Q15: =SUM(E15:P15) -> 12 | R15: =IF($Q$199>0,Q15/$Q$199,0) -> 0.0022054769
A16: ='Task Breakdown'!A207 -> PS-4.01.10 | B16: ='Task Breakdown'!G207 -> Documentation, runbook and knowledge transfer | E16: ='Task Breakdown'!I207 -> 0 | F16: ='Task Breakdown'!J207 -> 0 | G16: ='Task Breakdown'!K207 -> 0 | H16: ='Task Breakdown'!L207 -> 0 | I16: ='Task Breakdown'!M207 -> 0 | J16: ='Task Breakdown'!N207 -> 12 | K16: ='Task Breakdown'!O207 -> 0 | L16: ='Task Breakdown'!P207 -> 0 | ... P16: ='Task Breakdown'!T207 -> 0 | Q16: =SUM(E16:P16) -> 12 | R16: =IF($Q$199>0,Q16/$Q$199,0) -> 0.0022054769
A17: ='Task Breakdown'!A208 -> PS-4.01.11 | B17: ='Task Breakdown'!G208 -> Defect fixing and rework after testing | E17: ='Task Breakdown'!I208 -> 0 | F17: ='Task Breakdown'!J208 -> 0 | G17: ='Task Breakdown'!K208 -> 0 | H17: ='Task Breakdown'!L208 -> 0 | I17: ='Task Breakdown'!M208 -> 0 | J17: ='Task Breakdown'!N208 -> 24 | K17: ='Task Breakdown'!O208 -> 0 | L17: ='Task Breakdown'!P208 -> 0 | ... P17: ='Task Breakdown'!T208 -> 0 | Q17: =SUM(E17:P17) -> 24 | R17: =IF($Q$199>0,Q17/$Q$199,0) -> 0.0044109539
A18: PS-4.02 | B18: Token usage tracking and budgets per agent | C18: Foundry | D18: Usage dashboard and alerts | E18: =SUM(E19:E27) -> 0 | F18: =SUM(F19:F27) -> 0 | G18: =SUM(G19:G27) -> 65 | H18: =SUM(H19:H27) -> 0 | I18: =SUM(I19:I27) -> 6 | J18: =SUM(J19:J27) -> 32 | K18: =SUM(K19:K27) -> 0 | L18: =SUM(L19:L27) -> 0 | ... Q18: =SUM(Q19:Q27) -> 119 | R18: =IF($Q$199>0,Q18/$Q$199,0) -> 0.02187098
A19: ='Task Breakdown'!A209 -> PS-4.02.01 | B19: ='Task Breakdown'!G209 -> Define cost-allocation tags (team, agent, use case) | E19: ='Task Breakdown'!I209 -> 0 | F19: ='Task Breakdown'!J209 -> 0 | G19: ='Task Breakdown'!K209 -> 8 | H19: ='Task Breakdown'!L209 -> 0 | I19: ='Task Breakdown'!M209 -> 0 | J19: ='Task Breakdown'!N209 -> 0 | K19: ='Task Breakdown'!O209 -> 0 | L19: ='Task Breakdown'!P209 -> 0 | ... P19: ='Task Breakdown'!T209 -> 0 | Q19: =SUM(E19:P19) -> 16 | R19: =IF($Q$199>0,Q19/$Q$199,0) -> 0.0029406359
A20: ='Task Breakdown'!A210 -> PS-4.02.02 | B20: ='Task Breakdown'!G210 -> Capture token metrics per call from the gateway | E20: ='Task Breakdown'!I210 -> 0 | F20: ='Task Breakdown'!J210 -> 0 | G20: ='Task Breakdown'!K210 -> 0 | H20: ='Task Breakdown'!L210 -> 0 | I20: ='Task Breakdown'!M210 -> 0 | J20: ='Task Breakdown'!N210 -> 16 | K20: ='Task Breakdown'!O210 -> 0 | L20: ='Task Breakdown'!P210 -> 0 | ... P20: ='Task Breakdown'!T210 -> 0 | Q20: =SUM(E20:P20) -> 16 | R20: =IF($Q$199>0,Q20/$Q$199,0) -> 0.0029406359
A21: ='Task Breakdown'!A211 -> PS-4.02.03 | B21: ='Task Breakdown'!G211 -> Build usage and chargeback dashboard | E21: ='Task Breakdown'!I211 -> 0 | F21: ='Task Breakdown'!J211 -> 0 | G21: ='Task Breakdown'!K211 -> 25 | H21: ='Task Breakdown'!L211 -> 0 | I21: ='Task Breakdown'!M211 -> 0 | J21: ='Task Breakdown'!N211 -> 0 | K21: ='Task Breakdown'!O211 -> 0 | L21: ='Task Breakdown'!P211 -> 0 | ... P21: ='Task Breakdown'!T211 -> 0 | Q21: =SUM(E21:P21) -> 25 | R21: =IF($Q$199>0,Q21/$Q$199,0) -> 0.0045947436
A22: ='Task Breakdown'!A212 -> PS-4.02.04 | B22: ='Task Breakdown'!G212 -> Configure budgets and alerts per agent | E22: ='Task Breakdown'!I212 -> 0 | F22: ='Task Breakdown'!J212 -> 0 | G22: ='Task Breakdown'!K212 -> 16 | H22: ='Task Breakdown'!L212 -> 0 | I22: ='Task Breakdown'!M212 -> 0 | J22: ='Task Breakdown'!N212 -> 0 | K22: ='Task Breakdown'!O212 -> 0 | L22: ='Task Breakdown'!P212 -> 0 | ... P22: ='Task Breakdown'!T212 -> 0 | Q22: =SUM(E22:P22) -> 16 | R22: =IF($Q$199>0,Q22/$Q$199,0) -> 0.0029406359
A23: ='Task Breakdown'!A213 -> PS-4.02.05 | B23: ='Task Breakdown'!G213 -> Set up monthly usage review | E23: ='Task Breakdown'!I213 -> 0 | F23: ='Task Breakdown'!J213 -> 0 | G23: ='Task Breakdown'!K213 -> 0 | H23: ='Task Breakdown'!L213 -> 0 | I23: ='Task Breakdown'!M213 -> 0 | J23: ='Task Breakdown'!N213 -> 16 | K23: ='Task Breakdown'!O213 -> 0 | L23: ='Task Breakdown'!P213 -> 0 | ... P23: ='Task Breakdown'!T213 -> 0 | Q23: =SUM(E23:P23) -> 24 | R23: =IF($Q$199>0,Q23/$Q$199,0) -> 0.0044109539
A24: ='Task Breakdown'!A214 -> PS-4.02.06 | B24: ='Task Breakdown'!G214 -> Detailed design and design review | E24: ='Task Breakdown'!I214 -> 0 | F24: ='Task Breakdown'!J214 -> 0 | G24: ='Task Breakdown'!K214 -> 0 | H24: ='Task Breakdown'!L214 -> 0 | I24: ='Task Breakdown'!M214 -> 6 | J24: ='Task Breakdown'!N214 -> 0 | K24: ='Task Breakdown'!O214 -> 0 | L24: ='Task Breakdown'!P214 -> 0 | ... P24: ='Task Breakdown'!T214 -> 0 | Q24: =SUM(E24:P24) -> 6 | R24: =IF($Q$199>0,Q24/$Q$199,0) -> 0.0011027385
A25: ='Task Breakdown'!A215 -> PS-4.02.07 | B25: ='Task Breakdown'!G215 -> Promote through dev / test / prod and release | E25: ='Task Breakdown'!I215 -> 0 | F25: ='Task Breakdown'!J215 -> 0 | G25: ='Task Breakdown'!K215 -> 4 | H25: ='Task Breakdown'!L215 -> 0 | I25: ='Task Breakdown'!M215 -> 0 | J25: ='Task Breakdown'!N215 -> 0 | K25: ='Task Breakdown'!O215 -> 0 | L25: ='Task Breakdown'!P215 -> 0 | ... P25: ='Task Breakdown'!T215 -> 0 | Q25: =SUM(E25:P25) -> 4 | R25: =IF($Q$199>0,Q25/$Q$199,0) -> 0.00073515898
A26: ='Task Breakdown'!A216 -> PS-4.02.08 | B26: ='Task Breakdown'!G216 -> Documentation, runbook and knowledge transfer | E26: ='Task Breakdown'!I216 -> 0 | F26: ='Task Breakdown'!J216 -> 0 | G26: ='Task Breakdown'!K216 -> 4 | H26: ='Task Breakdown'!L216 -> 0 | I26: ='Task Breakdown'!M216 -> 0 | J26: ='Task Breakdown'!N216 -> 0 | K26: ='Task Breakdown'!O216 -> 0 | L26: ='Task Breakdown'!P216 -> 0 | ... P26: ='Task Breakdown'!T216 -> 0 | Q26: =SUM(E26:P26) -> 4 | R26: =IF($Q$199>0,Q26/$Q$199,0) -> 0.00073515898
A27: ='Task Breakdown'!A217 -> PS-4.02.09 | B27: ='Task Breakdown'!G217 -> Defect fixing and rework after testing | E27: ='Task Breakdown'!I217 -> 0 | F27: ='Task Breakdown'!J217 -> 0 | G27: ='Task Breakdown'!K217 -> 8 | H27: ='Task Breakdown'!L217 -> 0 | I27: ='Task Breakdown'!M217 -> 0 | J27: ='Task Breakdown'!N217 -> 0 | K27: ='Task Breakdown'!O217 -> 0 | L27: ='Task Breakdown'!P217 -> 0 | ... P27: ='Task Breakdown'!T217 -> 0 | Q27: =SUM(E27:P27) -> 8 | R27: =IF($Q$199>0,Q27/$Q$199,0) -> 0.001470318
A28: PS-4.03 | B28: A/B testing of prompts and models | C28: Foundry | D28: A/B testing framework | E28: =SUM(E29:E37) -> 0 | F28: =SUM(F29:F37) -> 0 | G28: =SUM(G29:G37) -> 5 | H28: =SUM(H29:H37) -> 0 | I28: =SUM(I29:I37) -> 8 | J28: =SUM(J29:J37) -> 98 | K28: =SUM(K29:K37) -> 0 | L28: =SUM(L29:L37) -> 0 | ... Q28: =SUM(Q29:Q37) -> 159 | R28: =IF($Q$199>0,Q28/$Q$199,0) -> 0.029222569
A29: ='Task Breakdown'!A218 -> PS-4.03.01 | B29: ='Task Breakdown'!G218 -> Design experiment framework (traffic split, success metrics) | E29: ='Task Breakdown'!I218 -> 0 | F29: ='Task Breakdown'!J218 -> 0 | G29: ='Task Breakdown'!K218 -> 0 | H29: ='Task Breakdown'!L218 -> 0 | I29: ='Task Breakdown'!M218 -> 0 | J29: ='Task Breakdown'!N218 -> 16 | K29: ='Task Breakdown'!O218 -> 0 | L29: ='Task Breakdown'!P218 -> 0 | ... P29: ='Task Breakdown'!T218 -> 0 | Q29: =SUM(E29:P29) -> 16 | R29: =IF($Q$199>0,Q29/$Q$199,0) -> 0.0029406359
A30: ='Task Breakdown'!A219 -> PS-4.03.02 | B30: ='Task Breakdown'!G219 -> Implement traffic splitting in gateway / orchestrator | E30: ='Task Breakdown'!I219 -> 0 | F30: ='Task Breakdown'!J219 -> 0 | G30: ='Task Breakdown'!K219 -> 0 | H30: ='Task Breakdown'!L219 -> 0 | I30: ='Task Breakdown'!M219 -> 0 | J30: ='Task Breakdown'!N219 -> 25 | K30: ='Task Breakdown'!O219 -> 0 | L30: ='Task Breakdown'!P219 -> 0 | ... P30: ='Task Breakdown'!T219 -> 0 | Q30: =SUM(E30:P30) -> 41 | R30: =IF($Q$199>0,Q30/$Q$199,0) -> 0.0075353795
A31: ='Task Breakdown'!A220 -> PS-4.03.03 | B31: ='Task Breakdown'!G220 -> Build experiment results analysis | E31: ='Task Breakdown'!I220 -> 0 | F31: ='Task Breakdown'!J220 -> 0 | G31: ='Task Breakdown'!K220 -> 0 | H31: ='Task Breakdown'!L220 -> 0 | I31: ='Task Breakdown'!M220 -> 0 | J31: ='Task Breakdown'!N220 -> 25 | K31: ='Task Breakdown'!O220 -> 0 | L31: ='Task Breakdown'!P220 -> 0 | ... P31: ='Task Breakdown'!T220 -> 0 | Q31: =SUM(E31:P31) -> 25 | R31: =IF($Q$199>0,Q31/$Q$199,0) -> 0.0045947436
A32: ='Task Breakdown'!A221 -> PS-4.03.04 | B32: ='Task Breakdown'!G221 -> Build experiment admin screen | E32: ='Task Breakdown'!I221 -> 0 | F32: ='Task Breakdown'!J221 -> 0 | G32: ='Task Breakdown'!K221 -> 0 | H32: ='Task Breakdown'!L221 -> 0 | I32: ='Task Breakdown'!M221 -> 0 | J32: ='Task Breakdown'!N221 -> 0 | K32: ='Task Breakdown'!O221 -> 0 | L32: ='Task Breakdown'!P221 -> 0 | ... P32: ='Task Breakdown'!T221 -> 0 | Q32: =SUM(E32:P32) -> 16 | R32: =IF($Q$199>0,Q32/$Q$199,0) -> 0.0029406359
A33: ='Task Breakdown'!A222 -> PS-4.03.05 | B33: ='Task Breakdown'!G222 -> Run first prompt / model experiment | E33: ='Task Breakdown'!I222 -> 0 | F33: ='Task Breakdown'!J222 -> 0 | G33: ='Task Breakdown'!K222 -> 0 | H33: ='Task Breakdown'!L222 -> 0 | I33: ='Task Breakdown'!M222 -> 0 | J33: ='Task Breakdown'!N222 -> 16 | K33: ='Task Breakdown'!O222 -> 0 | L33: ='Task Breakdown'!P222 -> 0 | ... P33: ='Task Breakdown'!T222 -> 0 | Q33: =SUM(E33:P33) -> 32 | R33: =IF($Q$199>0,Q33/$Q$199,0) -> 0.0058812718
A34: ='Task Breakdown'!A223 -> PS-4.03.06 | B34: ='Task Breakdown'!G223 -> Detailed design and design review | E34: ='Task Breakdown'!I223 -> 0 | F34: ='Task Breakdown'!J223 -> 0 | G34: ='Task Breakdown'!K223 -> 0 | H34: ='Task Breakdown'!L223 -> 0 | I34: ='Task Breakdown'!M223 -> 8 | J34: ='Task Breakdown'!N223 -> 0 | K34: ='Task Breakdown'!O223 -> 0 | L34: ='Task Breakdown'!P223 -> 0 | ... P34: ='Task Breakdown'!T223 -> 0 | Q34: =SUM(E34:P34) -> 8 | R34: =IF($Q$199>0,Q34/$Q$199,0) -> 0.001470318
A35: ='Task Breakdown'!A224 -> PS-4.03.07 | B35: ='Task Breakdown'!G224 -> Promote through dev / test / prod and release | E35: ='Task Breakdown'!I224 -> 0 | F35: ='Task Breakdown'!J224 -> 0 | G35: ='Task Breakdown'!K224 -> 5 | H35: ='Task Breakdown'!L224 -> 0 | I35: ='Task Breakdown'!M224 -> 0 | J35: ='Task Breakdown'!N224 -> 0 | K35: ='Task Breakdown'!O224 -> 0 | L35: ='Task Breakdown'!P224 -> 0 | ... P35: ='Task Breakdown'!T224 -> 0 | Q35: =SUM(E35:P35) -> 5 | R35: =IF($Q$199>0,Q35/$Q$199,0) -> 0.00091894872
A36: ='Task Breakdown'!A225 -> PS-4.03.08 | B36: ='Task Breakdown'!G225 -> Documentation, runbook and knowledge transfer | E36: ='Task Breakdown'!I225 -> 0 | F36: ='Task Breakdown'!J225 -> 0 | G36: ='Task Breakdown'!K225 -> 0 | H36: ='Task Breakdown'!L225 -> 0 | I36: ='Task Breakdown'!M225 -> 0 | J36: ='Task Breakdown'!N225 -> 5 | K36: ='Task Breakdown'!O225 -> 0 | L36: ='Task Breakdown'!P225 -> 0 | ... P36: ='Task Breakdown'!T225 -> 0 | Q36: =SUM(E36:P36) -> 5 | R36: =IF($Q$199>0,Q36/$Q$199,0) -> 0.00091894872
A37: ='Task Breakdown'!A226 -> PS-4.03.09 | B37: ='Task Breakdown'!G226 -> Defect fixing and rework after testing | E37: ='Task Breakdown'!I226 -> 0 | F37: ='Task Breakdown'!J226 -> 0 | G37: ='Task Breakdown'!K226 -> 0 | H37: ='Task Breakdown'!L226 -> 0 | I37: ='Task Breakdown'!M226 -> 0 | J37: ='Task Breakdown'!N226 -> 11 | K37: ='Task Breakdown'!O226 -> 0 | L37: ='Task Breakdown'!P226 -> 0 | ... P37: ='Task Breakdown'!T226 -> 0 | Q37: =SUM(E37:P37) -> 11 | R37: =IF($Q$199>0,Q37/$Q$199,0) -> 0.0020216872
A38: PS-4.04 | B38: Backup, DR, point-in-time recovery | C38: Platform Engineering | D38: DR plan with tested restore | E38: =SUM(E39:E49) -> 0 | F38: =SUM(F39:F49) -> 36 | G38: =SUM(G39:G49) -> 155 | H38: =SUM(H39:H49) -> 0 | I38: =SUM(I39:I49) -> 0 | J38: =SUM(J39:J49) -> 0 | K38: =SUM(K39:K49) -> 0 | L38: =SUM(L39:L49) -> 0 | ... Q38: =SUM(Q39:Q49) -> 240 | R38: =IF($Q$199>0,Q38/$Q$199,0) -> 0.044109539
A39: ='Task Breakdown'!A227 -> PS-4.04.01 | B39: ='Task Breakdown'!G227 -> Define RPO / RTO per component | E39: ='Task Breakdown'!I227 -> 0 | F39: ='Task Breakdown'!J227 -> 18 | G39: ='Task Breakdown'!K227 -> 0 | H39: ='Task Breakdown'!L227 -> 0 | I39: ='Task Breakdown'!M227 -> 0 | J39: ='Task Breakdown'!N227 -> 0 | K39: ='Task Breakdown'!O227 -> 0 | L39: ='Task Breakdown'!P227 -> 0 | ... P39: ='Task Breakdown'!T227 -> 0 | Q39: =SUM(E39:P39) -> 18 | R39: =IF($Q$199>0,Q39/$Q$199,0) -> 0.0033082154
A40: ='Task Breakdown'!A228 -> PS-4.04.02 | B40: ='Task Breakdown'!G228 -> Configure database backups and point-in-time restore | E40: ='Task Breakdown'!I228 -> 0 | F40: ='Task Breakdown'!J228 -> 0 | G40: ='Task Breakdown'!K228 -> 25 | H40: ='Task Breakdown'!L228 -> 0 | I40: ='Task Breakdown'!M228 -> 0 | J40: ='Task Breakdown'!N228 -> 0 | K40: ='Task Breakdown'!O228 -> 0 | L40: ='Task Breakdown'!P228 -> 0 | ... P40: ='Task Breakdown'!T228 -> 0 | Q40: =SUM(E40:P40) -> 25 | R40: =IF($Q$199>0,Q40/$Q$199,0) -> 0.0045947436
A41: ='Task Breakdown'!A229 -> PS-4.04.03 | B41: ='Task Breakdown'!G229 -> Configure storage geo-redundancy and soft delete | E41: ='Task Breakdown'!I229 -> 0 | F41: ='Task Breakdown'!J229 -> 0 | G41: ='Task Breakdown'!K229 -> 18 | H41: ='Task Breakdown'!L229 -> 0 | I41: ='Task Breakdown'!M229 -> 0 | J41: ='Task Breakdown'!N229 -> 0 | K41: ='Task Breakdown'!O229 -> 0 | L41: ='Task Breakdown'!P229 -> 0 | ... P41: ='Task Breakdown'!T229 -> 0 | Q41: =SUM(E41:P41) -> 18 | R41: =IF($Q$199>0,Q41/$Q$199,0) -> 0.0033082154
A42: ='Task Breakdown'!A230 -> PS-4.04.04 | B42: ='Task Breakdown'!G230 -> Back up AI Search indexes and configuration as code | E42: ='Task Breakdown'!I230 -> 0 | F42: ='Task Breakdown'!J230 -> 0 | G42: ='Task Breakdown'!K230 -> 31 | H42: ='Task Breakdown'!L230 -> 0 | I42: ='Task Breakdown'!M230 -> 0 | J42: ='Task Breakdown'!N230 -> 0 | K42: ='Task Breakdown'!O230 -> 0 | L42: ='Task Breakdown'!P230 -> 0 | ... P42: ='Task Breakdown'!T230 -> 0 | Q42: =SUM(E42:P42) -> 31 | R42: =IF($Q$199>0,Q42/$Q$199,0) -> 0.0056974821
A43: ='Task Breakdown'!A231 -> PS-4.04.05 | B43: ='Task Breakdown'!G231 -> Plan secondary-region deployment | E43: ='Task Breakdown'!I231 -> 0 | F43: ='Task Breakdown'!J231 -> 6 | G43: ='Task Breakdown'!K231 -> 31 | H43: ='Task Breakdown'!L231 -> 0 | I43: ='Task Breakdown'!M231 -> 0 | J43: ='Task Breakdown'!N231 -> 0 | K43: ='Task Breakdown'!O231 -> 0 | L43: ='Task Breakdown'!P231 -> 0 | ... P43: ='Task Breakdown'!T231 -> 0 | Q43: =SUM(E43:P43) -> 37 | R43: =IF($Q$199>0,Q43/$Q$199,0) -> 0.0068002205
A44: ='Task Breakdown'!A232 -> PS-4.04.06 | B44: ='Task Breakdown'!G232 -> Write DR runbook | E44: ='Task Breakdown'!I232 -> 0 | F44: ='Task Breakdown'!J232 -> 0 | G44: ='Task Breakdown'!K232 -> 18 | H44: ='Task Breakdown'!L232 -> 0 | I44: ='Task Breakdown'!M232 -> 0 | J44: ='Task Breakdown'!N232 -> 0 | K44: ='Task Breakdown'!O232 -> 0 | L44: ='Task Breakdown'!P232 -> 0 | ... P44: ='Task Breakdown'!T232 -> 0 | Q44: =SUM(E44:P44) -> 18 | R44: =IF($Q$199>0,Q44/$Q$199,0) -> 0.0033082154
A45: ='Task Breakdown'!A233 -> PS-4.04.07 | B45: ='Task Breakdown'!G233 -> Run DR drill | E45: ='Task Breakdown'!I233 -> 0 | F45: ='Task Breakdown'!J233 -> 0 | G45: ='Task Breakdown'!K233 -> 0 | H45: ='Task Breakdown'!L233 -> 0 | I45: ='Task Breakdown'!M233 -> 0 | J45: ='Task Breakdown'!N233 -> 0 | K45: ='Task Breakdown'!O233 -> 0 | L45: ='Task Breakdown'!P233 -> 0 | ... P45: ='Task Breakdown'!T233 -> 0 | Q45: =SUM(E45:P45) -> 49 | R45: =IF($Q$199>0,Q45/$Q$199,0) -> 0.0090056975
A46: ='Task Breakdown'!A234 -> PS-4.04.08 | B46: ='Task Breakdown'!G234 -> Detailed design and design review | E46: ='Task Breakdown'!I234 -> 0 | F46: ='Task Breakdown'!J234 -> 12 | G46: ='Task Breakdown'!K234 -> 0 | H46: ='Task Breakdown'!L234 -> 0 | I46: ='Task Breakdown'!M234 -> 0 | J46: ='Task Breakdown'!N234 -> 0 | K46: ='Task Breakdown'!O234 -> 0 | L46: ='Task Breakdown'!P234 -> 0 | ... P46: ='Task Breakdown'!T234 -> 0 | Q46: =SUM(E46:P46) -> 12 | R46: =IF($Q$199>0,Q46/$Q$199,0) -> 0.0022054769
A47: ='Task Breakdown'!A235 -> PS-4.04.09 | B47: ='Task Breakdown'!G235 -> Promote through dev / test / prod and release | E47: ='Task Breakdown'!I235 -> 0 | F47: ='Task Breakdown'!J235 -> 0 | G47: ='Task Breakdown'!K235 -> 8 | H47: ='Task Breakdown'!L235 -> 0 | I47: ='Task Breakdown'!M235 -> 0 | J47: ='Task Breakdown'!N235 -> 0 | K47: ='Task Breakdown'!O235 -> 0 | L47: ='Task Breakdown'!P235 -> 0 | ... P47: ='Task Breakdown'!T235 -> 0 | Q47: =SUM(E47:P47) -> 8 | R47: =IF($Q$199>0,Q47/$Q$199,0) -> 0.001470318
A48: ='Task Breakdown'!A236 -> PS-4.04.10 | B48: ='Task Breakdown'!G236 -> Documentation, runbook and knowledge transfer | E48: ='Task Breakdown'!I236 -> 0 | F48: ='Task Breakdown'!J236 -> 0 | G48: ='Task Breakdown'!K236 -> 8 | H48: ='Task Breakdown'!L236 -> 0 | I48: ='Task Breakdown'!M236 -> 0 | J48: ='Task Breakdown'!N236 -> 0 | K48: ='Task Breakdown'!O236 -> 0 | L48: ='Task Breakdown'!P236 -> 0 | ... P48: ='Task Breakdown'!T236 -> 0 | Q48: =SUM(E48:P48) -> 8 | R48: =IF($Q$199>0,Q48/$Q$199,0) -> 0.001470318
A49: ='Task Breakdown'!A237 -> PS-4.04.11 | B49: ='Task Breakdown'!G237 -> Defect fixing and rework after testing | E49: ='Task Breakdown'!I237 -> 0 | F49: ='Task Breakdown'!J237 -> 0 | G49: ='Task Breakdown'!K237 -> 16 | H49: ='Task Breakdown'!L237 -> 0 | I49: ='Task Breakdown'!M237 -> 0 | J49: ='Task Breakdown'!N237 -> 0 | K49: ='Task Breakdown'!O237 -> 0 | L49: ='Task Breakdown'!P237 -> 0 | ... P49: ='Task Breakdown'!T237 -> 0 | Q49: =SUM(E49:P49) -> 16 | R49: =IF($Q$199>0,Q49/$Q$199,0) -> 0.0029406359
A50: PS-4.05 | B50: SLO alerting to Teams / PagerDuty | C50: Platform Engineering | D50: Alert rules and runbooks | E50: =SUM(E51:E59) -> 0 | F50: =SUM(F51:F59) -> 4 | G50: =SUM(G51:G59) -> 72 | H50: =SUM(H51:H59) -> 10 | I50: =SUM(I51:I59) -> 0 | J50: =SUM(J51:J59) -> 0 | K50: =SUM(K51:K59) -> 0 | L50: =SUM(L51:L59) -> 0 | ... Q50: =SUM(Q51:Q59) -> 86 | R50: =IF($Q$199>0,Q50/$Q$199,0) -> 0.015805918
A51: ='Task Breakdown'!A238 -> PS-4.05.01 | B51: ='Task Breakdown'!G238 -> Define SLOs and SLIs per service | E51: ='Task Breakdown'!I238 -> 0 | F51: ='Task Breakdown'!J238 -> 0 | G51: ='Task Breakdown'!K238 -> 15 | H51: ='Task Breakdown'!L238 -> 0 | I51: ='Task Breakdown'!M238 -> 0 | J51: ='Task Breakdown'!N238 -> 0 | K51: ='Task Breakdown'!O238 -> 0 | L51: ='Task Breakdown'!P238 -> 0 | ... P51: ='Task Breakdown'!T238 -> 0 | Q51: =SUM(E51:P51) -> 15 | R51: =IF($Q$199>0,Q51/$Q$199,0) -> 0.0027568462
